"","top","model_type","test","gene","stat","pval","fdr","gene_index","ensembl","in_rows","in_rows_top20","results"
"1",1,"enrichment","both","CCL4",5.45966123221228,1.79033457310796e-06,0.0498661888647759,21983,"ENSG00000275302","c(24337; 27854; 72042; 110568; 126035; 161376; 189234; 222823; 244763; 258121; 300407; 323184; 351986; 362092; 389943; 417799; 445654; 473502; 505152; 546031; 567889; 593530; 637168; 660746; 689995; 701511; 731275; 767276; 779886; 813652; 856000; 869420; 902349; 929253; 974853; 1002708; 1030558; 1058409; 1086267; 1110323; 1125150; 1158998; 1189063; 1201131; 1233259; 1259716; 1303906; 1329848; 1349553; 1364830)",integer(0),"c(""both_top1""; ""both-next_Abpos_top3""; ""both-next_both_top1""; ""both-next_pTpos_top4""; ""both-none_top6""; ""both-pTpos_top1""; ""both-Abpos_top2"")"
"2",1,"enrichment","next_both","AC021701.1",5.57984649541905,1.18445122000605e-06,0.0329905198308284,23349,"ENSG00000287646","c(16857; 49728; 74551; 83560; 136577; 166516; 191226; 203589; 232760; 278529; 285340; 308783; 342245; 380270; 417795; 432805; 454933; 487660; 529204; 536709; 560148; 593313; 612767; 640620; 668473; 706375; 741114; 773459; 799120; 825655; 835592; 884487; 916750; 938994; 956675; 974856; 1015552; 1049130; 1072109; 1086271; 1134472; 1166739; 1189280; 1225532; 1253385; 1281238; 1299042; 1320009; 1343370; 1364846)",integer(0),"c(""next_both_top1""; ""next_both-next_pTpos_top1""; ""next_both-none_top1""; ""next_both-pTpos_top1""; ""next_both-Abpos_top2""; ""next_both-both_top1""; ""next_both-next_Abpos_top4"")"
"3",1,"enrichment","next_pT+","RPP38-DT",6.22636656554795,1.26105561909926e-07,0.00351241821587716,13533,"ENSG00000176236","c(20328; 53441; 78250; 109823; 111413; 167064; 171565; 201574; 231760; 256402; 306383; 308087; 358825; 381574; 407108; 445648; 455070; 500520; 508900; 557060; 559596; 611039; 640619; 649980; 695589; 696326; 724183; 779434; 801135; 826655; 857719; 863444; 917446; 922414; 955371; 985543; 1002709; 1048993; 1059249; 1106575; 1114121; 1167291; 1171554; 1197680; 1244025; 1254122; 1309091; 1336940; 1337395; 1364802)",integer(0),"c(""next_pT+_top1""; ""next_pTpos-none_top1""; ""next_pTpos-pTpos_top5""; ""next_pTpos-Abpos_top1""; ""next_pTpos-both_top1""; ""next_pTpos-next_Abpos_top1""; ""next_pTpos-next_both_top1""; ""noWM_top5"")"
"4",2,"enrichment","next_pT+","AP003115.1",5.67028699694484,8.67243801976533e-07,0.0120776708082262,11961,"ENSG00000260640","c(23543; 51511; 78649; 108099; 111414; 161274; 184437; 205741; 237718; 264974; 306382; 322630; 353717; 379129; 406978; 445647; 460514; 493737; 513479; 557059; 572380; 603883; 640618; 656746; 688983; 696330; 724180; 769163; 796968; 820697; 849147; 863445; 902903; 927522; 957816; 985673; 1002710; 1043549; 1066032; 1101996; 1114122; 1154507; 1178710; 1197681; 1237259; 1260728; 1309087; 1336943; 1347666; 1364825)",integer(0),"c(""next_pT+_top2""; ""next_pTpos-none_top5""; ""next_pTpos-pTpos_top2""; ""next_pTpos-Abpos_top2""; ""next_pTpos-both_top2""; ""next_pTpos-next_Abpos_top2""; ""next_pTpos-next_both_top2"")"
"5",3,"enrichment","next_pT+","AC008115.3",5.44008500552522,1.91468157157845e-06,0.0177765419377249,16272,"ENSG00000275560","c(20357; 48017; 75461; 104846; 111415; 166009; 191446; 206160; 237217; 263718; 306381; 314605; 346353; 378798; 406567; 445645; 454803; 486484; 513480; 557056; 565105; 594443; 640616; 649355; 679089; 696327; 724179; 769793; 796549; 821198; 850403; 863446; 910928; 935032; 958147; 986084; 1002712; 1049260; 1073285; 1101995; 1114125; 1161782; 1188150; 1197683; 1244650; 1270622; 1309090; 1336944; 1347036; 1364855)",integer(0),"c(""next_pT+_top3""; ""next_pTpos-none_top2""; ""next_pTpos-pTpos_top1""; ""next_pTpos-Abpos_top3""; ""next_pTpos-both_top4""; ""next_pTpos-next_Abpos_top5""; ""next_pTpos-next_both_top4"")"
"6",1,"enrichment","none","AC092924.2",8.05695040426003,2.22292595596578e-10,6.19151566515149e-06,5749,"ENSG00000287706","c(27402; 55149; 78396; 103532; 127729; 139266; 176394; 207944; 247483; 276564; 304872; 334236; 361590; 386193; 415765; 444151; 473501; 500839; 520836; 549933; 584913; 609116; 631679; 668472; 691343; 724178; 746222; 752032; 794765; 810932; 837557; 864955; 891297; 919649; 950752; 976886; 1004206; 1030562; 1058930; 1094639; 1121248; 1141974; 1173477; 1206620; 1225533; 1258368; 1281239; 1314901; 1364797; 1364798)",integer(0),"c(""none_top1""; ""none-pTpos_top1""; ""none-Abpos_top1""; ""none-both_top1""; ""none-next_Abpos_top1""; ""none-next_both_top1""; ""none-next_pTpos_top1""; ""noWM_top1"")"
"7",2,"enrichment","none","LINC01309",5.83624802932128,4.88643745613841e-07,0.0064478590161768,18013,"ENSG00000234551","c(25537; 53359; 75820; 109910; 127165; 139267; 175772; 208005; 244657; 263806; 301176; 334232; 358764; 382947; 404762; 440295; 473495; 498070; 507353; 547211; 584907; 606317; 635999; 668468; 693464; 724172; 745494; 752039; 794704; 813758; 850315; 868651; 891301; 922475; 953998; 987889; 1008062; 1030568; 1061699; 1108122; 1123970; 1141980; 1176276; 1202300; 1225537; 1256247; 1281245; 1315629; 1364790; 1364812)",integer(0),"c(""none_top2""; ""none-pTpos_top8""; ""none-Abpos_top5""; ""none-both_top7""; ""none-next_Abpos_top7""; ""none-next_both_top5""; ""none-next_pTpos_top7""; ""noWM_top15"")"
"8",3,"enrichment","none","IRF6",5.72885395700303,7.08454136503746e-07,0.0064478590161768,2308,"ENSG00000117595","c(25834; 53756; 79434; 110166; 126637; 139268; 171467; 206008; 242369; 264571; 301886; 334235; 361274; 380878; 406703; 441086; 473498; 500540; 509447; 550525; 584910; 611555; 636723; 668471; 695626; 724174; 748459; 752059; 796701; 816046; 849550; 867941; 891298; 919965; 956067; 985948; 1007271; 1030565; 1059229; 1106028; 1120656; 1141977; 1171038; 1201576; 1225534; 1254085; 1281243; 1312664; 1364770; 1364808)",integer(0),"c(""none_top3""; ""none-Abpos_top2""; ""none-both_top4""; ""none-next_Abpos_top4""; ""none-next_both_top2""; ""none-next_pTpos_top5""; ""noWM_top11"")"
"9",4,"enrichment","none","F10",5.65128531692587,9.25984133296493e-07,0.0064478590161768,18079,"ENSG00000126218","c(11954; 55207; 81986; 110179; 125367; 139269; 174141; 196245; 225185; 253146; 294089; 334213; 353026; 381434; 411008; 443916; 473499; 500704; 519111; 553948; 584912; 611763; 637330; 668470; 694848; 724171; 745595; 752042; 806464; 833230; 860975; 875738; 891320; 928213; 955511; 981643; 1004441; 1030564; 1059065; 1096364; 1117233; 1141975; 1170830; 1200969; 1225535; 1254863; 1281246; 1315528; 1364787; 1364806)",integer(0),"c(""none_top4""; ""none-pTpos_top11""; ""none-both_top3""; ""none-next_Abpos_top2""; ""none-next_both_top3""; ""none-next_pTpos_top8""; ""noWM_top9"")"
"10",5,"enrichment","none","AP000866.6",5.26171361394742,3.52346943792242e-06,0.0170075829263815,15918,"ENSG00000279342","c(24755; 52640; 79937; 109240; 138377; 139270; 169203; 206141; 238807; 266370; 292068; 334231; 361672; 378816; 406588; 432683; 473494; 500926; 513496; 539415; 584908; 612369; 626423; 668467; 695934; 724177; 751701; 752469; 796568; 819608; 847751; 877759; 891302; 919567; 958129; 986063; 1015674; 1030569; 1058843; 1101979; 1131766; 1141979; 1170224; 1211876; 1225538; 1253777; 1281240; 1309422; 1364360; 1364805)",integer(0),"c(""none_top5""; ""none-Abpos_top6""; ""none-both_top8""; ""none-next_Abpos_top6""; ""none-next_both_top6""; ""none-next_pTpos_top2""; ""noWM_top8"")"
"11",6,"enrichment","none","HOGA1",5.25026048520717,3.66371656763325e-06,0.0170075829263815,14140,"ENSG00000241935","c(26604; 55469; 80864; 96911; 116812; 139271; 176313; 201718; 242022; 275670; 305625; 334234; 359463; 384789; 416818; 445406; 473500; 500714; 524796; 555540; 584909; 609383; 635100; 668445; 687420; 724135; 731694; 752043; 800991; 816393; 838451; 864202; 891299; 921776; 952156; 975833; 1002951; 1030563; 1059055; 1090679; 1115641; 1141978; 1173210; 1203199; 1225560; 1262291; 1281282; 1329429; 1364786; 1364809)",integer(0),"c(""none_top6""; ""none-pTpos_top12""; ""none-Abpos_top3""; ""none-both_top2""; ""none-next_Abpos_top5""; ""noWM_top12"")"
"12",7,"enrichment","none","CD3D",5.13520316067489,5.41748138631285e-06,0.0193014952204782,15811,"ENSG00000167286","c(20514; 48202; 75636; 105038; 135411; 139272; 189179; 206163; 239399; 264631; 292403; 334199; 348665; 378796; 406564; 432670; 473460; 488198; 512087; 539435; 584889; 598540; 627331; 668437; 683606; 724168; 741958; 752036; 796546; 819112; 849490; 877424; 891334; 932574; 958149; 986087; 1015687; 1030603; 1071571; 1103388; 1131746; 1141998; 1184053; 1210968; 1225568; 1266105; 1281249; 1319165; 1364793; 1364889)",integer(0),"c(""none_top7""; ""none-pTpos_top5""; ""none-next_pTpos_top11"")"
"13",8,"enrichment","none","AC020741.1",5.12840558375385,5.54381796445e-06,0.0193014952204782,6503,"ENSG00000205682","c(25685; 53549; 79223; 110068; 119916; 139273; 173428; 207490; 242210; 263568; 303462; 334227; 359458; 380678; 405255; 442637; 473491; 498734; 509583; 552799; 584905; 609279; 638130; 668466; 694029; 724144; 743621; 752087; 795219; 816205; 850553; 866365; 891306; 921781; 956267; 987396; 1005720; 1030572; 1061035; 1105892; 1118382; 1141982; 1173314; 1200169; 1225539; 1255682; 1281273; 1317502; 1364742; 1364819)",integer(0),"c(""none_top8""; ""none-Abpos_top10""; ""none-both_top11""; ""none-next_Abpos_top9""; ""none-next_both_top7"")"
"14",9,"enrichment","none","PNPLA3",5.04600632313857,7.32713949064617e-06,0.0226758684703297,26800,"ENSG00000100344","c(11334; 53763; 75840; 110315; 119132; 139274; 192830; 198245; 229339; 253137; 296456; 334133; 338378; 383163; 400059; 442897; 473488; 490272; 507007; 551049; 584897; 592319; 638458; 668465; 686042; 724129; 726434; 752033; 804464; 829076; 860984; 873371; 891400; 942861; 953782; 992592; 1005460; 1030575; 1069497; 1108468; 1120132; 1141990; 1190274; 1199841; 1225540; 1263669; 1281288; 1334689; 1364796; 1364843)",integer(0),"c(""none_top9""; ""none-pTpos_top2""; ""none-both_top14""; ""none-next_Abpos_top17""; ""none-next_both_top8"")"
"15",10,"enrichment","none","AC027288.3",4.98109511372728,9.12086617698659e-06,0.0254043485627607,16974,"ENSG00000257894","c(24616; 52203; 74641; 109112; 119129; 139275; 186465; 212662; 243951; 263961; 302724; 334219; 353244; 382075; 400017; 441773; 473480; 492830; 508011; 550348; 584881; 599128; 637523; 668457; 688481; 724103; 729613; 752037; 790047; 814464; 850160; 867103; 891314; 927995; 954870; 992634; 1006584; 1030583; 1066939; 1107464; 1120833; 1142006; 1183465; 1200776; 1225548; 1261230; 1281314; 1331510; 1364792; 1364858)",integer(0),"c(""none_top10""; ""none-pTpos_top6""; ""none-Abpos_top18""; ""none-next_both_top16"")"
"16",11,"enrichment","none","BTK",4.91115963097348,1.15389680217868e-05,0.0270438882448488,27402,"ENSG00000010671","c(26445; 54376; 81712; 110617; 112866; 139276; 175769; 205726; 238598; 263266; 306293; 334233; 360313; 379145; 406998; 445557; 473496; 499632; 511590; 556984; 584911; 611011; 640550; 668469; 694844; 723668; 726274; 752047; 796983; 819817; 851171; 863534; 891300; 920926; 957800; 985653; 1002800; 1030567; 1060137; 1103885; 1114197; 1141976; 1171582; 1197749; 1225536; 1254867; 1281749; 1334849; 1364782; 1364803)",integer(0),"c(""none_top11""; ""none-pTpos_top16""; ""none-Abpos_top4""; ""none-both_top6""; ""none-next_Abpos_top3""; ""none-next_both_top4""; ""noWM_top6"")"
"17",12,"enrichment","none","AC009159.3",4.87089066779339,1.3207190445091e-05,0.0270438882448488,21144,"ENSG00000278058","c(25292; 53305; 75284; 109699; 131132; 139277; 171728; 205674; 244447; 263345; 299391; 334222; 360420; 382935; 407057; 438921; 473484; 499751; 507550; 545231; 584890; 608496; 634398; 668461; 694921; 724164; 748820; 752217; 797035; 813968; 850776; 870436; 891311; 920819; 954010; 985594; 1009436; 1030579; 1060018; 1107925; 1125950; 1141997; 1174097; 1203901; 1225544; 1254790; 1281253; 1312303; 1364612; 1364837)",integer(0),"c(""none_top12""; ""none-Abpos_top15""; ""none-both_top18""; ""none-next_both_top12""; ""none-next_pTpos_top15"")"
"18",13,"enrichment","none","RUNX1",4.8672831232866,1.33677425849157e-05,0.0270438882448488,26079,"ENSG00000159216","c(23687; 39248; 77492; 106202; 136304; 139278; 183916; 217619; 241205; 269255; 295105; 334209; 353755; 368725; 395370; 422723; 473370; 486882; 518006; 543821; 584887; 602881; 628165; 668432; 687465; 724167; 745464; 752050; 785090; 817210; 844866; 874722; 891324; 927484; 968220; 997281; 1025634; 1030693; 1072887; 1097469; 1127360; 1142000; 1179712; 1210134; 1225573; 1262246; 1281250; 1315659; 1364779; 1364916)",integer(0),"c(""none_top13""; ""none-pTpos_top19""; ""none-next_pTpos_top12"")"
"19",14,"enrichment","none","FP236383.4",4.86228612639823,1.35933089946463e-05,0.0270438882448488,25931,"ENSG00000280614","c(24186; 51799; 63067; 108723; 138097; 139279; 177138; 212544; 247369; 263723; 292351; 334215; 356748; 385908; 400155; 427290; 473476; 496040; 504586; 531804; 584710; 598131; 627636; 668450; 691738; 724173; 748894; 752069; 790165; 811046; 850398; 877476; 891318; 924491; 951037; 992496; 1021067; 1030587; 1063729; 1110889; 1139377; 1142177; 1184462; 1210663; 1225555; 1257973; 1281244; 1312229; 1364760; 1364875)",integer(0),"c(""none_top14""; ""none-next_pTpos_top6"")"
"20",15,"enrichment","none","DACT2",4.83168647033159,1.50585733920667e-05,0.0279617629792823,9949,"ENSG00000164488","c(24715; 52632; 77511; 109211; 117692; 139280; 183659; 206044; 242305; 263322; 303456; 334218; 355053; 380820; 406660; 442672; 473479; 494823; 509495; 552731; 584895; 603198; 638128; 668454; 690192; 724049; 730010; 752046; 796665; 816110; 850799; 866371; 891315; 926186; 956125; 985991; 1005685; 1030584; 1064946; 1105980; 1118450; 1141992; 1179395; 1200171; 1225551; 1259519; 1281368; 1331113; 1364783; 1364868)",integer(0),"c(""none_top15""; ""none-pTpos_top15""; ""none-Abpos_top19""; ""none-next_Abpos_top19""; ""none-next_both_top19"")"
"21",16,"enrichment","none","AL109933.5",4.77069219957757,1.84578320755867e-05,0.0321316248000822,9885,"ENSG00000287558","c(5709; 46450; 72874; 106247; 138915; 139281; 192621; 199901; 227941; 253742; 279533; 333796; 336787; 379408; 397611; 421224; 473432; 480722; 509550; 532873; 584854; 591502; 618043; 668433; 677317; 724176; 744893; 752034; 802808; 830474; 860379; 890294; 891737; 944452; 957537; 995040; 1027133; 1030631; 1079047; 1105925; 1138308; 1142033; 1191091; 1220256; 1225572; 1272394; 1281241; 1316230; 1364795; 1364898)",integer(0),"c(""none_top16""; ""none-pTpos_top3""; ""none-next_pTpos_top3"")"
"22",17,"enrichment","none","AC099518.2",4.67776384567731,2.51340265895761e-05,0.041179884858792,20428,"ENSG00000261357","c(25102; 53121; 74917; 109541; 117761; 139282; 182999; 205687; 244321; 264044; 303604; 334216; 355731; 382779; 407040; 442890; 473478; 495471; 507693; 551429; 584865; 601774; 638267; 668452; 690833; 724018; 730359; 752056; 797022; 814094; 850077; 866223; 891317; 925508; 954166; 985611; 1005467; 1030585; 1064298; 1107782; 1119752; 1142022; 1180819; 1200032; 1225553; 1258878; 1281399; 1330764; 1364773; 1364884)",integer(0),"none_top17"
"23",1,"enrichment","pT+","AL121932.2",7.80096005927449,5.34402652272349e-10,1.48847170737417e-05,8834,"ENSG00000287279","c(23453; 51425; 66492; 108010; 137681; 166858; 167119; 205690; 247075; 266770; 290630; 314065; 362089; 385768; 407035; 432908; 455039; 501354; 504889; 532080; 558231; 612764; 623554; 648270; 696325; 705388; 752031; 779884; 797019; 811340; 847351; 879197; 911468; 919150; 951177; 985616; 1015449; 1049024; 1058415; 1110586; 1139101; 1168656; 1169829; 1214745; 1245735; 1253386; 1300029; 1309092; 1336945; 1364799)",integer(0),"c(""pT+_top1""; ""pTpos-Abpos_top1""; ""pTpos-both_top1""; ""pTpos-next_Abpos_top3""; ""pTpos-next_both_top1""; ""pTpos-next_pTpos_top1""; ""pTpos-none_top1""; ""noWM_top2"")"
"24",2,"enrichment","pT+","CHRDL2",7.28805359625877,3.13810517416243e-09,3.1017104518412e-05,15488,"ENSG00000054938","c(21750; 49598; 76854; 106313; 136480; 166488; 167120; 205804; 238537; 266356; 293484; 314715; 362088; 379072; 406901; 432845; 454984; 501353; 513655; 540651; 564814; 612766; 627977; 649061; 696324; 705167; 752030; 779883; 796905; 819878; 847765; 876343; 910818; 919151; 957873; 985750; 1015512; 1049079; 1058416; 1101820; 1130530; 1162073; 1169827; 1210332; 1244944; 1253387; 1300250; 1309093; 1336946; 1364800)",integer(0),"c(""pT+_top2""; ""pTpos-Abpos_top2""; ""pTpos-both_top2""; ""pTpos-next_Abpos_top1""; ""pTpos-next_both_top2""; ""pTpos-next_pTpos_top2""; ""pTpos-none_top2""; ""noWM_top3"")"
"25",3,"enrichment","pT+","AL049840.4",7.2699951166454,3.34080040050393e-09,3.1017104518412e-05,18983,"ENSG00000269940","c(21736; 49585; 76844; 106300; 136466; 166485; 167121; 205806; 236819; 264257; 291359; 314038; 362087; 379071; 406899; 432843; 454983; 501352; 514121; 540412; 564733; 612765; 626676; 648841; 696323; 705239; 752029; 779882; 796903; 821596; 849864; 878468; 911495; 919152; 957874; 985752; 1015514; 1049080; 1058417; 1101354; 1130769; 1162154; 1169828; 1211623; 1245164; 1253388; 1300178; 1309094; 1336947; 1364801)",integer(0),"c(""pT+_top3""; ""pTpos-Abpos_top3""; ""pTpos-both_top3""; ""pTpos-next_Abpos_top2""; ""pTpos-next_both_top3""; ""pTpos-next_pTpos_top3""; ""pTpos-none_top3""; ""noWM_top4"")"
"26",4,"enrichment","pT+","ZC3H11A",6.89210676176522,1.24150418628865e-08,8.64490402517442e-05,2219,"ENSG00000058673","c(21508; 49323; 76595; 106053; 136274; 166419; 167122; 205841; 237491; 266830; 291299; 313922; 362086; 379049; 406870; 432829; 454965; 501351; 514638; 539490; 564171; 612763; 623687; 648123; 696322; 705183; 752028; 779881; 796868; 820924; 847291; 878528; 911611; 919153; 957896; 985781; 1015528; 1049098; 1058418; 1100837; 1131313; 1162716; 1169830; 1214612; 1245882; 1253389; 1300234; 1309095; 1336948; 1364804)",integer(0),"c(""pT+_top4""; ""pTpos-Abpos_top4""; ""pTpos-both_top4""; ""pTpos-next_Abpos_top4""; ""pTpos-next_both_top4""; ""pTpos-next_pTpos_top4""; ""pTpos-none_top4""; ""noWM_top7"")"
"27",5,"enrichment","pT+","AP000842.3",6.82676794630262,1.55850832690647e-08,8.68182648586517e-05,15938,"ENSG00000260209","c(21451; 49270; 76553; 106006; 136224; 166405; 167123; 205849; 240084; 266495; 290308; 313730; 362085; 379038; 406856; 432826; 454957; 501350; 512588; 538035; 563680; 612762; 623502; 648138; 696321; 705365; 752027; 779880; 796860; 818331; 847626; 879519; 911803; 919154; 957907; 985795; 1015531; 1049106; 1058419; 1102887; 1133146; 1163207; 1169831; 1214797; 1245867; 1253390; 1300052; 1309096; 1336949; 1364807)",integer(0),"c(""pT+_top5""; ""pTpos-Abpos_top5""; ""pTpos-both_top5""; ""pTpos-next_Abpos_top5""; ""pTpos-next_both_top5""; ""pTpos-next_pTpos_top5""; ""pTpos-none_top5""; ""noWM_top10"")"
"28",6,"enrichment","pT+","KLF1",6.63394504289291,3.05028733018257e-08,0.000141599421679292,23901,"ENSG00000105610","c(21300; 49121; 76421; 105858; 136115; 166358; 167124; 205879; 240030; 265092; 293161; 314024; 362084; 379007; 406831; 432811; 454941; 501349; 511746; 539841; 564001; 612761; 627683; 648630; 696320; 705076; 752026; 779879; 796830; 818385; 849029; 876666; 911509; 919155; 957938; 985820; 1015546; 1049122; 1058420; 1103729; 1131664; 1162886; 1169832; 1210616; 1245375; 1253391; 1300341; 1309097; 1336950; 1364810)",integer(0),"c(""pT+_top6""; ""pTpos-Abpos_top6""; ""pTpos-both_top6""; ""pTpos-next_Abpos_top6""; ""pTpos-next_both_top6""; ""pTpos-next_pTpos_top6""; ""pTpos-none_top6""; ""noWM_top13"")"
"29",7,"enrichment","pT+","AC074183.1",6.37985850163842,7.39148765849175e-08,0.000257343882189963,10554,"ENSG00000232019","c(21126; 48902; 76229; 105631; 135947; 166294; 167125; 205905; 240212; 267434; 293214; 313720; 362081; 378971; 406796; 432791; 454919; 501346; 513853; 538453; 563573; 612758; 623675; 647896; 696317; 704860; 752024; 779876; 796803; 818202; 846686; 876612; 911812; 919157; 957973; 985854; 1015565; 1049143; 1058422; 1101621; 1132727; 1163313; 1169834; 1214623; 1246108; 1253393; 1300556; 1309098; 1336952; 1364813)",integer(0),"c(""pT+_top7""; ""pTpos-Abpos_top8""; ""pTpos-both_top8""; ""pTpos-next_Abpos_top8""; ""pTpos-next_both_top8""; ""pTpos-next_pTpos_top7""; ""pTpos-none_top8""; ""noWM_top16"")"
"30",8,"enrichment","pT+","AL137018.1",6.37985850163842,7.39148765849175e-08,0.000257343882189963,12720,"ENSG00000286944","c(21127; 48903; 76230; 105632; 135948; 166295; 167126; 205906; 240213; 267435; 293215; 313721; 362082; 378972; 406797; 432792; 454920; 501347; 513854; 538454; 563574; 612759; 623676; 647897; 696318; 704861; 752025; 779877; 796804; 818203; 846687; 876613; 911813; 919158; 957974; 985855; 1015566; 1049144; 1058423; 1101622; 1132728; 1163314; 1169835; 1214624; 1246109; 1253394; 1300557; 1309099; 1336953; 1364814)",integer(0),"c(""pT+_top8""; ""pTpos-Abpos_top9""; ""pTpos-both_top9""; ""pTpos-next_Abpos_top9""; ""pTpos-next_both_top9""; ""pTpos-next_pTpos_top8""; ""pTpos-none_top9""; ""noWM_top17"")"
"31",9,"enrichment","pT+","AC005921.4",6.30800320432918,9.49274337498461e-08,0.000293779312470496,22383,"ENSG00000285829","c(21066; 48842; 76177; 105568; 135888; 166274; 167127; 205923; 237394; 263902; 293135; 314256; 362080; 378957; 406781; 432780; 454912; 501345; 513420; 540604; 564537; 612757; 627998; 648996; 696316; 705141; 752023; 779875; 796786; 821021; 850219; 876692; 911277; 919159; 957988; 985870; 1015577; 1049151; 1058424; 1102055; 1130577; 1162350; 1169836; 1210353; 1245009; 1253395; 1300276; 1309100; 1336954; 1364816)",integer(0),"c(""pT+_top9""; ""pTpos-Abpos_top10""; ""pTpos-both_top10""; ""pTpos-next_Abpos_top10""; ""pTpos-next_both_top10""; ""pTpos-next_pTpos_top9""; ""pTpos-none_top10""; ""noWM_top19"")"
"32",10,"enrichment","pT+","CYP17A1",6.05279737798767,2.3060349613384e-07,0.000642299917781585,14234,"ENSG00000148795","c(22344; 50204; 66634; 106890; 136919; 166643; 167128; 205814; 245793; 264831; 292062; 314576; 362079; 384177; 406890; 432841; 454978; 501344; 506299; 533305; 558639; 612747; 627062; 649096; 696315; 705449; 752022; 779874; 796895; 812622; 849290; 877765; 910957; 919160; 952768; 985761; 1015516; 1049085; 1058425; 1109176; 1137876; 1168248; 1169846; 1211237; 1244909; 1253396; 1299968; 1309101; 1336955; 1364817)",integer(0),"c(""pT+_top10""; ""pTpos-Abpos_top11""; ""pTpos-both_top11""; ""pTpos-next_Abpos_top20""; ""pTpos-next_both_top11""; ""pTpos-next_pTpos_top10""; ""pTpos-none_top11""; ""noWM_top20"")"
"33",11,"enrichment","pT+","GFRA3",5.94700803464311,3.32923368513606e-07,0.000842992234837225,8035,"ENSG00000146013","c(23210; 51169; 78299; 107752; 118806; 166816; 167129; 205743; 240117; 266559; 302534; 314654; 362083; 379128; 406975; 441793; 455018; 501348; 512510; 552996; 564324; 612760; 637333; 648978; 696319; 697757; 751970; 779878; 796966; 818298; 847562; 867293; 910879; 919156; 957817; 985676; 1006564; 1049045; 1058421; 1102965; 1118185; 1162563; 1169833; 1200966; 1245027; 1253392; 1307660; 1309153; 1336951; 1364815)",integer(0),"c(""pT+_top11""; ""pTpos-Abpos_top7""; ""pTpos-both_top7""; ""pTpos-next_Abpos_top7""; ""pTpos-next_both_top7""; ""pTpos-none_top7""; ""noWM_top18"")"
"34",12,"enrichment","pT+","TAT-AS1",5.83716531352688,4.87153606892196e-07,0.00113072411773069,21047,"ENSG00000260886","c(22712; 50198; 77744; 107238; 137159; 158286; 167130; 212406; 239561; 266200; 292827; 323974; 362078; 373045; 400301; 427385; 461692; 501343; 513130; 539796; 573766; 612756; 626867; 658248; 696314; 714832; 752021; 779835; 790303; 819274; 847921; 877264; 901559; 919161; 963900; 992350; 1020972; 1042371; 1058426; 1102345; 1131619; 1153121; 1169837; 1211432; 1235757; 1253397; 1290585; 1309102; 1336994; 1364818)",integer(0),"c(""pT+_top12""; ""pTpos-Abpos_top12""; ""pTpos-both_top12""; ""pTpos-next_Abpos_top11""; ""pTpos-next_both_top12""; ""pTpos-next_pTpos_top11"")"
"35",13,"enrichment","pT+","LINC01779",5.67145022497926,8.6385457213604e-07,0.00185084164597732,1411,"ENSG00000235933","c(20559; 48254; 75685; 105068; 135451; 166091; 167131; 206084; 240130; 265594; 291520; 314586; 362075; 378850; 406627; 432712; 454839; 501339; 511711; 538244; 564165; 612754; 626377; 649010; 696310; 705621; 752018; 779871; 796625; 818285; 848527; 878307; 910947; 919164; 958095; 986024; 1015645; 1049224; 1058430; 1103764; 1132937; 1162722; 1169839; 1211922; 1244995; 1253401; 1299796; 1309105; 1336958; 1364831)",integer(0),"c(""pT+_top13""; ""pTpos-Abpos_top15""; ""pTpos-both_top16""; ""pTpos-next_Abpos_top13""; ""pTpos-next_both_top16""; ""pTpos-next_pTpos_top14""; ""pTpos-none_top14"")"
"36",14,"enrichment","pT+","ABCG5",5.51515741338113,1.47980233945324e-06,0.00294406675434222,3076,"ENSG00000138075","c(22235; 50097; 77299; 106800; 122110; 166616; 167132; 205848; 239013; 262809; 299958; 314942; 362077; 379039; 406859; 439356; 454959; 501341; 511312; 550004; 564965; 612755; 634904; 649894; 696312; 698481; 751966; 779873; 796861; 818726; 851312; 869869; 910591; 919162; 957906; 985792; 1009001; 1049104; 1058428; 1104163; 1121177; 1161922; 1169838; 1203395; 1244111; 1253399; 1306936; 1309157; 1336956; 1364832)",integer(0),"c(""pT+_top14""; ""pTpos-Abpos_top13""; ""pTpos-both_top14""; ""pTpos-next_Abpos_top12""; ""pTpos-next_both_top14""; ""pTpos-none_top12"")"
"37",15,"enrichment","pT+","HK3",5.45889835218456,1.79517868445033e-06,0.00314764291035681,8440,"ENSG00000160883","c(20375; 48037; 75481; 104870; 135269; 166021; 167133; 206156; 238218; 266413; 293183; 314268; 362073; 378806; 406575; 432676; 454807; 501336; 513849; 540411; 564325; 612752; 627145; 648638; 696307; 705138; 752016; 779869; 796553; 820197; 847708; 876644; 911265; 919166; 958139; 986076; 1015681; 1049256; 1058433; 1101626; 1130770; 1162562; 1169841; 1211154; 1245367; 1253404; 1300279; 1309107; 1336960; 1364849)",integer(0),"c(""pT+_top15""; ""pTpos-Abpos_top17""; ""pTpos-both_top19""; ""pTpos-next_Abpos_top15""; ""pTpos-next_both_top19""; ""pTpos-next_pTpos_top16""; ""pTpos-none_top16"")"
"38",16,"enrichment","pT+","PLBD1-AS1",5.45680066630927,1.80814585738373e-06,0.00314764291035681,16291,"ENSG00000256751","c(20373; 48035; 75478; 104868; 135267; 166020; 167134; 206158; 237007; 266428; 291848; 313586; 362072; 378803; 406572; 432675; 454804; 501335; 514619; 540419; 564152; 612751; 626371; 648124; 696306; 705080; 752015; 779868; 796551; 821408; 847693; 877979; 911947; 919167; 958142; 986079; 1015682; 1049259; 1058434; 1100856; 1130762; 1162735; 1169842; 1211928; 1245881; 1253405; 1300337; 1309108; 1336961; 1364853)",integer(0),"c(""pT+_top16""; ""pTpos-Abpos_top18""; ""pTpos-both_top20""; ""pTpos-next_Abpos_top16""; ""pTpos-next_both_top20""; ""pTpos-next_pTpos_top17""; ""pTpos-none_top17"")"
"39",17,"enrichment","pT+","AC006511.6",5.40217930424361,2.18049161937291e-06,0.00339699852428773,16169,"ENSG00000288043","c(22419; 50272; 62206; 106956; 136955; 166651; 167135; 205834; 247131; 265318; 291368; 314051; 362076; 385782; 406875; 432833; 454968; 501340; 504838; 532032; 558222; 612692; 626376; 648633; 696311; 705243; 752019; 779872; 796875; 811284; 848803; 878459; 911482; 919163; 951163; 985776; 1015524; 1049095; 1058429; 1110637; 1139149; 1168665; 1169901; 1211923; 1245372; 1253400; 1300174; 1309104; 1336957; 1364840)",integer(0),"c(""pT+_top17""; ""pTpos-Abpos_top14""; ""pTpos-both_top15""; ""pTpos-next_both_top15""; ""pTpos-next_pTpos_top13""; ""pTpos-none_top13"")"
"40",18,"enrichment","pT+","AL034351.4",5.40020184020264,2.19531014386885e-06,0.00339699852428773,2314,"ENSG00000287354","c(20323; 47975; 75426; 104800; 135219; 165990; 167136; 206171; 237125; 266610; 291430; 314281; 362070; 378787; 406557; 432668; 454794; 501333; 514623; 540185; 564718; 612749; 625831; 648468; 696304; 705386; 752014; 779866; 796538; 821290; 847511; 878397; 911252; 919169; 958158; 986094; 1015689; 1049269; 1058436; 1100852; 1130996; 1162169; 1169844; 1212468; 1245537; 1253407; 1300031; 1309109; 1336963; 1364857)",integer(0),"c(""pT+_top18""; ""pTpos-Abpos_top20""; ""pTpos-next_Abpos_top18""; ""pTpos-next_pTpos_top18""; ""pTpos-none_top19"")"
"41",19,"enrichment","pT+","AC092939.1",5.24684440242956,3.70694217931722e-06,0.00397113309694318,5908,"ENSG00000287645","c(20120; 47770; 75237; 104604; 135064; 165918; 167137; 206224; 240204; 267457; 290514; 313198; 362058; 378743; 406497; 432633; 454762; 501322; 514476; 537958; 563212; 612738; 622308; 647438; 696293; 704804; 752005; 779857; 796478; 818204; 846657; 879306; 912328; 919174; 958195; 986147; 1015717; 1049294; 1058440; 1100992; 1133216; 1163668; 1169848; 1215984; 1246560; 1253411; 1300606; 1309111; 1336965; 1364859)",integer(0),"c(""pT+_top19""; ""pTpos-next_pTpos_top20"")"
"42",20,"enrichment","pT+","SMCO1",5.24684440242956,3.70694217931722e-06,0.00397113309694318,6072,"ENSG00000214097","c(20121; 47771; 75238; 104605; 135065; 165919; 167138; 206225; 240205; 267458; 290515; 313199; 362059; 378744; 406498; 432634; 454763; 501323; 514477; 537959; 563213; 612739; 622309; 647439; 696294; 704805; 752006; 779858; 796479; 818205; 846658; 879307; 912329; 919175; 958196; 986148; 1015718; 1049295; 1058441; 1100993; 1133217; 1163669; 1169849; 1215985; 1246561; 1253412; 1300607; 1309112; 1336966; 1364860)",integer(0),"pT+_top20"
"43",21,"enrichment","pT+","ESM1",5.24684440242956,3.70694217931722e-06,0.00397113309694318,7491,"ENSG00000164283","c(20122; 47772; 75239; 104606; 135066; 165920; 167139; 206226; 240206; 267459; 290516; 313200; 362060; 378745; 406499; 432635; 454764; 501324; 514478; 537960; 563214; 612740; 622310; 647440; 696295; 704806; 752007; 779859; 796480; 818206; 846659; 879308; 912330; 919176; 958197; 986149; 1015719; 1049296; 1058442; 1100994; 1133218; 1163670; 1169850; 1215986; 1246562; 1253413; 1300608; 1309113; 1336967; 1364861)",integer(0),"character(0)"
"44",22,"enrichment","pT+","AC060814.3",5.24684440242956,3.70694217931722e-06,0.00397113309694318,19053,"ENSG00000268531","c(20123; 47773; 75240; 104607; 135067; 165921; 167140; 206227; 240207; 267460; 290517; 313201; 362061; 378746; 406500; 432636; 454765; 501325; 514479; 537961; 563215; 612741; 622311; 647441; 696296; 704807; 752008; 779860; 796481; 818207; 846660; 879309; 912331; 919177; 958198; 986150; 1015720; 1049297; 1058443; 1100995; 1133219; 1163671; 1169851; 1215987; 1246563; 1253414; 1300609; 1309114; 1336968; 1364862)",integer(0),"character(0)"
"45",23,"enrichment","pT+","AC124248.2",5.24684440242956,3.70694217931722e-06,0.00397113309694318,19913,"ENSG00000287061","c(20124; 47774; 75241; 104608; 135068; 165922; 167141; 206228; 240208; 267461; 290518; 313202; 362062; 378747; 406501; 432637; 454766; 501326; 514480; 537962; 563216; 612742; 622312; 647442; 696297; 704808; 752009; 779861; 796482; 818208; 846661; 879310; 912332; 919178; 958199; 986151; 1015721; 1049298; 1058444; 1100996; 1133220; 1163672; 1169852; 1215988; 1246564; 1253415; 1300610; 1309115; 1336969; 1364863)",integer(0),"character(0)"
"46",24,"enrichment","pT+","AC138028.1",5.24684440242956,3.70694217931722e-06,0.00397113309694318,21286,"ENSG00000182376","c(20125; 47775; 75242; 104609; 135069; 165923; 167142; 206229; 240209; 267462; 290519; 313203; 362063; 378748; 406502; 432638; 454767; 501327; 514481; 537963; 563217; 612743; 622313; 647443; 696298; 704809; 752010; 779862; 796483; 818209; 846662; 879311; 912333; 919179; 958200; 986152; 1015722; 1049299; 1058445; 1100997; 1133221; 1163673; 1169853; 1215989; 1246565; 1253416; 1300611; 1309116; 1336970; 1364864)",integer(0),"character(0)"
"47",25,"enrichment","pT+","SLC47A2",5.24684440242956,3.70694217931722e-06,0.00397113309694318,21756,"ENSG00000180638","c(20126; 47776; 75243; 104610; 135070; 165924; 167143; 206230; 240210; 267463; 290520; 313204; 362064; 378749; 406503; 432639; 454768; 501328; 514482; 537964; 563218; 612744; 622314; 647444; 696299; 704810; 752011; 779863; 796484; 818210; 846663; 879312; 912334; 919180; 958201; 986153; 1015723; 1049300; 1058446; 1100998; 1133222; 1163674; 1169854; 1215990; 1246566; 1253417; 1300612; 1309117; 1336971; 1364865)",integer(0),"character(0)"
"48",26,"enrichment","pT+","CTAGE1",5.24684440242956,3.70694217931722e-06,0.00397113309694318,23071,"ENSG00000212710","c(20127; 47777; 75244; 104611; 135071; 165925; 167144; 206231; 240211; 267464; 290521; 313205; 362065; 378750; 406504; 432640; 454769; 501329; 514483; 537965; 563219; 612745; 622315; 647445; 696300; 704811; 752012; 779864; 796485; 818211; 846664; 879313; 912335; 919181; 958202; 986154; 1015724; 1049301; 1058447; 1100999; 1133223; 1163675; 1169855; 1215991; 1246567; 1253418; 1300613; 1309118; 1336972; 1364866)",integer(0),"character(0)"
"49",27,"enrichment","pT+","AL355834.2",5.23300126154702,3.88590250138249e-06,0.0040086682359632,18506,"ENSG00000286355","c(20107; 47758; 75224; 104590; 135052; 165904; 167145; 206238; 238405; 266165; 291438; 314164; 362057; 378738; 406494; 432628; 454760; 501321; 513592; 539147; 564177; 612737; 626290; 648632; 696292; 705345; 752004; 779856; 796471; 820010; 847956; 878389; 911369; 919182; 958207; 986157; 1015729; 1049303; 1058448; 1101883; 1132034; 1162710; 1169856; 1212009; 1245373; 1253419; 1300072; 1309119; 1336973; 1364885)",integer(0),"character(0)"
"50",28,"enrichment","pT+","SDR42E2",5.19528187599483,4.41803728158549e-06,0.00439484258585717,20485,"ENSG00000183921","c(11955; 52871; 66844; 109350; 138428; 161789; 167146; 199445; 233724; 254364; 281640; 309419; 362010; 385584; 407033; 432902; 460516; 501342; 505051; 532223; 560287; 612700; 627095; 656708; 696313; 713309; 752020; 779830; 803264; 824691; 859757; 888187; 916114; 919229; 951361; 985618; 1015455; 1043547; 1058427; 1110424; 1138958; 1166600; 1169893; 1211204; 1237297; 1253398; 1292108; 1309103; 1336999; 1364854)",integer(0),"c(""pTpos-both_top13""; ""pTpos-next_both_top13""; ""pTpos-next_pTpos_top12"")"
"51",29,"enrichment","pT+","AL591926.2",5.17383858853342,4.75202861364983e-06,0.0045640776888272,12640,"ENSG00000276412","c(20021; 47691; 75153; 104496; 134980; 165875; 167147; 206260; 238417; 265900; 291983; 314644; 362053; 378717; 406466; 432612; 454746; 501319; 513534; 539659; 564753; 612736; 626586; 649064; 696290; 705610; 752002; 779855; 796449; 819998; 848221; 877844; 910889; 919186; 958228; 986185; 1015745; 1049317; 1058450; 1101941; 1131482; 1162134; 1169857; 1211713; 1244941; 1253421; 1299807; 1309121; 1336974; 1364895)",integer(0),"character(0)"
"52",30,"enrichment","pT+","AF127936.2",5.11006862351814,5.89980889175327e-06,0.00520726986327669,25944,"ENSG00000232884","c(19942; 47611; 75085; 104408; 134910; 165845; 167148; 206288; 238130; 267224; 293261; 313826; 362052; 378686; 406435; 432600; 454735; 501318; 514726; 540610; 564044; 612735; 626243; 648053; 696289; 704870; 752001; 779854; 796421; 820285; 846897; 876566; 911707; 919187; 958259; 986216; 1015757; 1049328; 1058451; 1100749; 1130571; 1162843; 1169858; 1212056; 1245952; 1253422; 1300547; 1309122; 1336975; 1364891)",integer(0),"character(0)"
"53",31,"enrichment","pT+","AC111006.1",5.10904234700697,5.92035852810594e-06,0.00520726986327669,6399,"ENSG00000285454","c(19937; 47606; 75084; 104402; 134904; 165841; 167149; 206289; 240202; 266833; 291295; 313829; 362051; 378685; 406433; 432599; 454733; 501317; 511877; 538034; 563584; 612734; 623686; 648121; 696288; 705181; 752000; 779853; 796420; 818213; 847288; 878532; 911704; 919188; 958260; 986218; 1015758; 1049330; 1058452; 1103598; 1133147; 1163303; 1169859; 1214613; 1245884; 1253423; 1300236; 1309123; 1336976; 1364907)",integer(0),"character(0)"
"54",32,"enrichment","pT+","LINC01639",5.10519226292149,5.99808244213207e-06,0.00520726986327669,26793,"ENSG00000236117","c(19929; 47599; 75078; 104394; 134897; 165839; 167150; 206290; 236636; 267097; 291285; 313824; 362050; 378683; 406432; 432598; 454732; 501316; 514855; 540447; 564679; 612733; 623483; 648069; 696287; 705174; 751999; 779852; 796419; 821779; 847024; 878542; 911709; 919189; 958262; 986219; 1015759; 1049331; 1058453; 1100620; 1130734; 1162208; 1169860; 1214816; 1245936; 1253424; 1300243; 1309124; 1336977; 1364908)",integer(0),"character(0)"
"55",33,"enrichment","pT+","AC092828.1",5.09687086865725,6.16952951165514e-06,0.00520726986327669,16326,"ENSG00000253284","c(19917; 47584; 75061; 104382; 134879; 165833; 167151; 206295; 236440; 266835; 290173; 313825; 362049; 378678; 406426; 432593; 454727; 501315; 514912; 540230; 565127; 612732; 622635; 648120; 696286; 705682; 751998; 779851; 796414; 821975; 847286; 879654; 911708; 919190; 958267; 986225; 1015764; 1049336; 1058454; 1100563; 1130951; 1161760; 1169861; 1215664; 1245885; 1253425; 1299735; 1309125; 1336978; 1364894)",integer(0),"character(0)"
"56",34,"enrichment","pT+","L1TD1",5.03815838473007,7.52458802848611e-06,0.00604007267292902,977,"ENSG00000240563","c(22206; 49629; 77278; 106771; 136822; 157634; 167152; 212536; 237936; 266579; 292102; 324165; 362066; 372965; 400168; 427296; 461907; 501330; 514069; 540125; 573992; 612746; 626342; 658507; 696301; 715107; 752013; 779788; 790173; 820479; 847542; 877725; 901368; 919173; 963980; 992483; 1021061; 1042156; 1058439; 1101406; 1131056; 1152895; 1169847; 1211957; 1235498; 1253410; 1290310; 1309110; 1337041; 1364880)",integer(0),"pTpos-next_pTpos_top19"
"57",35,"enrichment","pT+","OVCA2",5.0295298486074,7.74704740439587e-06,0.00604007267292902,21381,"ENSG00000262664","c(19832; 47485; 74980; 104285; 134791; 165795; 167153; 206325; 240214; 264650; 290714; 313425; 362048; 378658; 406401; 432580; 454707; 501313; 511256; 537966; 563448; 612731; 626339; 648086; 696285; 705007; 751997; 779850; 796384; 818201; 849471; 879113; 912108; 919191; 958287; 986250; 1015777; 1049356; 1058456; 1104219; 1133215; 1163439; 1169862; 1211960; 1245919; 1253426; 1300410; 1309126; 1336979; 1364901)",integer(0),"character(0)"
"58",36,"enrichment","pT+","IL26",5.01230215658945,8.21079164079801e-06,0.00604007267292902,16894,"ENSG00000111536","c(19821; 47465; 74956; 104264; 134776; 165786; 167154; 206334; 237063; 266361; 290646; 313936; 362045; 378646; 406392; 432576; 454699; 501311; 514598; 539727; 564343; 612729; 623776; 648344; 696282; 705348; 751996; 779847; 796375; 821352; 847760; 879181; 911597; 919194; 958299; 986259; 1015781; 1049364; 1058458; 1100877; 1131550; 1162544; 1169864; 1214523; 1245661; 1253429; 1300069; 1309127; 1336982; 1364926)",integer(0),"character(0)"
"59",37,"enrichment","pT+","ASMT",5.00227867088499,8.4930966813261e-06,0.00604007267292902,26929,"ENSG00000196433","c(19808; 47444; 74943; 104249; 134763; 165782; 167155; 206337; 239747; 262631; 290447; 313512; 362044; 378641; 406388; 432572; 454697; 501310; 511257; 538154; 563620; 612728; 627435; 648858; 696281; 705144; 751995; 779846; 796372; 819460; 851490; 879380; 912021; 919195; 958304; 986263; 1015785; 1049366; 1058459; 1104218; 1133027; 1163267; 1169865; 1210864; 1245147; 1253430; 1300273; 1309128; 1336983; 1364906)",integer(0),"character(0)"
"60",38,"enrichment","pT+","AL137847.2",4.96883615206497,9.50599550483602e-06,0.00604007267292902,12753,"ENSG00000237529","c(19782; 47398; 74908; 104199; 134734; 165762; 167156; 206350; 236621; 266896; 291415; 314093; 362042; 378629; 406374; 432564; 454687; 501308; 514818; 540574; 565054; 612727; 623674; 648260; 696280; 705347; 751994; 779845; 796359; 821794; 847225; 878412; 911440; 919197; 958316; 986277; 1015793; 1049376; 1058461; 1100657; 1130607; 1161833; 1169866; 1214625; 1245745; 1253431; 1300070; 1309129; 1336984; 1364934)",integer(0),"character(0)"
"61",39,"enrichment","pT+","BRS3",4.96409388316045,9.65894951246875e-06,0.00604007267292902,27635,"ENSG00000102239","c(19774; 47389; 74899; 104185; 134730; 165758; 167157; 206356; 240115; 266192; 290859; 313534; 362041; 378624; 406368; 432562; 454683; 501306; 512053; 538159; 563583; 612726; 625833; 648100; 696279; 705110; 751993; 779844; 796353; 818300; 847929; 878968; 911999; 919198; 958321; 986283; 1015795; 1049380; 1058463; 1103422; 1133022; 1163304; 1169867; 1212466; 1245905; 1253432; 1300307; 1309130; 1336985; 1364935)",integer(0),"character(0)"
"62",40,"enrichment","pT+","ADGRF2",4.95217569114184,1.00541400331035e-05,0.00604007267292902,9234,"ENSG00000164393","c(19754; 47376; 74882; 104167; 134721; 165747; 167158; 206359; 237132; 266947; 290492; 313385; 362038; 378619; 406363; 432559; 454681; 501304; 514743; 538976; 563637; 612724; 622892; 647855; 696276; 705016; 751990; 779841; 796349; 821282; 847173; 879334; 912147; 919200; 958325; 986287; 1015797; 1049381; 1058464; 1100731; 1132204; 1163249; 1169868; 1215406; 1246149; 1253434; 1300400; 1309132; 1336987; 1364941)",integer(0),"character(0)"
"63",41,"enrichment","pT+","FGF23",4.95217569114184,1.00541400331035e-05,0.00604007267292902,16081,"ENSG00000118972","c(19755; 47377; 74883; 104168; 134722; 165748; 167159; 206360; 237133; 266948; 290493; 313386; 362039; 378620; 406364; 432560; 454682; 501305; 514744; 538977; 563638; 612725; 622893; 647856; 696277; 705017; 751991; 779842; 796350; 821283; 847174; 879335; 912148; 919201; 958326; 986288; 1015798; 1049382; 1058465; 1100732; 1132205; 1163250; 1169869; 1215407; 1246150; 1253435; 1300401; 1309133; 1336988; 1364942)",integer(0),"character(0)"
"64",42,"enrichment","pT+","KLHL33",4.94327148396472,1.03597487423225e-05,0.00604007267292902,18127,"ENSG00000185271","c(19742; 47363; 74871; 104159; 134716; 165742; 167160; 206363; 236444; 266744; 290059; 313945; 362037; 378617; 406361; 432558; 454678; 501302; 514816; 539750; 565055; 612723; 622666; 648263; 696275; 705763; 751989; 779840; 796346; 821971; 847377; 879768; 911588; 919202; 958328; 986290; 1015799; 1049385; 1058467; 1100659; 1131573; 1161832; 1169870; 1215633; 1245742; 1253436; 1299654; 1309134; 1336989; 1364943)",integer(0),"character(0)"
"65",43,"enrichment","pT+","AC113348.1",4.93846454024348,1.05285173205442e-05,0.00604007267292902,8483,"ENSG00000285891","c(23200; 51162; 58466; 107742; 137523; 166815; 167161; 205772; 249204; 266876; 293121; 314904; 362074; 388448; 406935; 432855; 455000; 501337; 502729; 530283; 557648; 612329; 626372; 648966; 696308; 705588; 752017; 779870; 796937; 809211; 847245; 876706; 910629; 919165; 948497; 985716; 1015502; 1049063; 1058432; 1112746; 1140898; 1169239; 1170264; 1211927; 1245039; 1253403; 1299829; 1309106; 1336959; 1364848)",integer(0),"c(""pTpos-Abpos_top16""; ""pTpos-both_top18""; ""pTpos-next_both_top18""; ""pTpos-next_pTpos_top15""; ""pTpos-none_top15"")"
"66",44,"enrichment","pT+","MEP1A",4.93106165258647,1.07937391999809e-05,0.00604007267292902,9227,"ENSG00000112818","c(19721; 47349; 74859; 104137; 134692; 165733; 167162; 206368; 239181; 266750; 292617; 313738; 362033; 378612; 406354; 432555; 454674; 501299; 513824; 539601; 563986; 612719; 626398; 648112; 696271; 705034; 751986; 779836; 796339; 818894; 847369; 877054; 911793; 919204; 958331; 986295; 1015800; 1049387; 1058468; 1101649; 1131424; 1162899; 1169872; 1211899; 1245891; 1253438; 1300381; 1309135; 1336991; 1364947)",integer(0),"character(0)"
"67",45,"enrichment","pT+","AC008567.3",4.93106165258647,1.07937391999809e-05,0.00604007267292902,23766,"ENSG00000287960","c(19722; 47350; 74860; 104138; 134693; 165734; 167163; 206369; 239654; 266751; 292872; 313739; 362034; 378613; 406355; 432556; 454675; 501300; 513825; 539839; 563987; 612720; 626399; 648113; 696272; 705035; 751987; 779837; 796340; 819367; 847370; 877309; 911794; 919205; 958332; 986296; 1015801; 1049388; 1058469; 1101650; 1131662; 1162900; 1169873; 1211900; 1245892; 1253439; 1300382; 1309136; 1336992; 1364948)",integer(0),"character(0)"
"68",46,"enrichment","pT+","AC074138.1",4.93106165258647,1.07937391999809e-05,0.00604007267292902,24362,"ENSG00000276071","c(19723; 47351; 74861; 104139; 134694; 165735; 167164; 206370; 239676; 266752; 292888; 313740; 362035; 378614; 406356; 432557; 454676; 501301; 513826; 539851; 563988; 612721; 626400; 648114; 696273; 705036; 751988; 779838; 796341; 819389; 847371; 877325; 911795; 919206; 958333; 986297; 1015802; 1049389; 1058470; 1101651; 1131674; 1162901; 1169874; 1211901; 1245893; 1253440; 1300383; 1309137; 1336993; 1364949)",integer(0),"character(0)"
"69",47,"enrichment","pT+","LINC01567",4.91895705054752,1.12416548999003e-05,0.00604007267292902,20521,"ENSG00000224310","c(19698; 47331; 74839; 104120; 134681; 165722; 167165; 206378; 236598; 266753; 290497; 313420; 362030; 378605; 406348; 432547; 454664; 501297; 514780; 540267; 564036; 612717; 623485; 648007; 696269; 705032; 751984; 779833; 796330; 821816; 847367; 879329; 912112; 919208; 958339; 986302; 1015809; 1049398; 1058471; 1100694; 1130913; 1162850; 1169875; 1214813; 1245997; 1253441; 1300384; 1309138; 1336995; 1364950)",integer(0),"character(0)"
"70",48,"enrichment","pT+","AC068408.1",4.91895705054752,1.12416548999003e-05,0.00604007267292902,23116,"ENSG00000263611","c(19699; 47332; 74840; 104121; 134682; 165723; 167166; 206379; 236599; 266754; 290498; 313421; 362031; 378606; 406349; 432548; 454665; 501298; 514781; 540268; 564037; 612718; 623486; 648008; 696270; 705033; 751985; 779834; 796331; 821817; 847368; 879330; 912113; 919209; 958340; 986303; 1015810; 1049399; 1058472; 1100695; 1130914; 1162851; 1169876; 1214814; 1245998; 1253442; 1300385; 1309139; 1336996; 1364951)",integer(0),"character(0)"
"71",49,"enrichment","pT+","AL121820.3",4.9174835921742,1.12974131082012e-05,0.00604007267292902,18607,"ENSG00000287385","c(22977; 50892; 78036; 107526; 116166; 166769; 167167; 205802; 238745; 266153; 303413; 315243; 362071; 379073; 406904; 442656; 454986; 501334; 513332; 553912; 565314; 612750; 638090; 649565; 696305; 697524; 751690; 779867; 796907; 819670; 847968; 866414; 910290; 919168; 957872; 985747; 1005701; 1049077; 1058435; 1102143; 1117269; 1161573; 1169843; 1200209; 1244440; 1253406; 1307893; 1309433; 1336962; 1364851)",integer(0),"c(""pTpos-Abpos_top19""; ""pTpos-next_Abpos_top17""; ""pTpos-none_top18"")"
"72",50,"enrichment","pT+","AC136431.1",4.91441641152653,1.14143555934906e-05,0.00604007267292902,20411,"ENSG00000260126","c(19692; 47321; 74832; 104111; 134673; 165719; 167168; 206382; 240185; 267432; 291597; 313723; 362028; 378603; 406346; 432545; 454662; 501295; 514207; 538157; 563579; 612715; 622880; 647898; 696267; 705102; 751982; 779831; 796326; 818229; 846688; 878229; 911809; 919210; 958341; 986304; 1015811; 1049400; 1058473; 1101267; 1133023; 1163307; 1169877; 1215418; 1246106; 1253443; 1300314; 1309140; 1336997; 1364953)",integer(0),"character(0)"
"73",51,"enrichment","pT+","LINC01894",4.91441641152653,1.14143555934906e-05,0.00604007267292902,23099,"ENSG00000264345","c(19693; 47322; 74833; 104112; 134674; 165720; 167169; 206383; 240186; 267433; 291598; 313724; 362029; 378604; 406347; 432546; 454663; 501296; 514208; 538158; 563580; 612716; 622881; 647899; 696268; 705103; 751983; 779832; 796327; 818230; 846689; 878230; 911810; 919211; 958342; 986305; 1015812; 1049401; 1058474; 1101268; 1133024; 1163308; 1169878; 1215419; 1246107; 1253444; 1300315; 1309141; 1336998; 1364954)",integer(0),"character(0)"
"74",52,"enrichment","pT+","LINC01564",4.88038822201991,1.27944669408255e-05,0.00604007267292902,9267,"ENSG00000235899","c(19648; 47264; 74779; 104058; 134638; 165692; 167170; 206393; 238014; 267230; 290878; 313548; 362019; 378587; 406331; 432534; 454651; 501286; 514782; 538993; 563978; 612705; 622616; 647861; 696258; 705121; 751973; 779822; 796309; 820394; 846884; 878942; 911978; 919213; 958351; 986313; 1015816; 1049405; 1058476; 1100686; 1132181; 1162902; 1169881; 1215676; 1246137; 1253446; 1300289; 1309143; 1337000; 1364961)",integer(0),"character(0)"
"75",53,"enrichment","pT+","AC022039.1",4.88038822201991,1.27944669408255e-05,0.00604007267292902,11355,"ENSG00000254575","c(19649; 47265; 74780; 104059; 134639; 165693; 167171; 206394; 238015; 267231; 290879; 313549; 362020; 378588; 406332; 432535; 454652; 501287; 514783; 538994; 563979; 612706; 622617; 647862; 696259; 705122; 751974; 779823; 796310; 820395; 846885; 878943; 911979; 919214; 958352; 986314; 1015817; 1049406; 1058477; 1100687; 1132182; 1162903; 1169882; 1215677; 1246138; 1253447; 1300290; 1309144; 1337001; 1364962)",integer(0),"character(0)"
"76",54,"enrichment","pT+","AL161935.1",4.88038822201991,1.27944669408255e-05,0.00604007267292902,13645,"ENSG00000223834","c(19650; 47266; 74781; 104060; 134640; 165694; 167172; 206395; 238016; 267232; 290880; 313550; 362021; 378589; 406333; 432536; 454653; 501288; 514784; 538995; 563980; 612707; 622618; 647863; 696260; 705123; 751975; 779824; 796311; 820396; 846886; 878944; 911980; 919215; 958353; 986315; 1015818; 1049407; 1058478; 1100688; 1132183; 1162904; 1169883; 1215678; 1246139; 1253448; 1300291; 1309145; 1337002; 1364963)",integer(0),"character(0)"
"77",55,"enrichment","pT+","AC009065.8",4.88038822201991,1.27944669408255e-05,0.00604007267292902,20175,"ENSG00000261663","c(19651; 47267; 74782; 104061; 134641; 165695; 167173; 206396; 238017; 267233; 290881; 313551; 362022; 378590; 406334; 432537; 454654; 501289; 514785; 538996; 563981; 612708; 622619; 647864; 696261; 705124; 751976; 779825; 796312; 820397; 846887; 878945; 911981; 919216; 958354; 986316; 1015819; 1049408; 1058479; 1100689; 1132184; 1162905; 1169884; 1215679; 1246140; 1253449; 1300292; 1309146; 1337003; 1364964)",integer(0),"character(0)"
"78",56,"enrichment","pT+","CDRT15L2",4.88038822201991,1.27944669408255e-05,0.00604007267292902,21768,"ENSG00000214819","c(19652; 47268; 74783; 104062; 134642; 165696; 167174; 206397; 238018; 267234; 290882; 313552; 362023; 378591; 406335; 432538; 454655; 501290; 514786; 538997; 563982; 612709; 622620; 647865; 696262; 705125; 751977; 779826; 796313; 820398; 846888; 878946; 911982; 919217; 958355; 986317; 1015820; 1049409; 1058480; 1100690; 1132185; 1162906; 1169885; 1215680; 1246141; 1253450; 1300293; 1309147; 1337004; 1364965)",integer(0),"character(0)"
"79",57,"enrichment","pT+","AC005253.2",4.88038822201991,1.27944669408255e-05,0.00604007267292902,24086,"ENSG00000268983","c(19653; 47269; 74784; 104063; 134643; 165697; 167175; 206398; 238019; 267235; 290883; 313553; 362024; 378592; 406336; 432539; 454656; 501291; 514787; 538998; 563983; 612710; 622621; 647866; 696263; 705126; 751978; 779827; 796314; 820399; 846889; 878947; 911983; 919218; 958356; 986318; 1015821; 1049410; 1058481; 1100691; 1132186; 1162907; 1169886; 1215681; 1246142; 1253451; 1300294; 1309148; 1337005; 1364966)",integer(0),"character(0)"
"80",58,"enrichment","pT+","FP671120.6",4.88038822201991,1.27944669408255e-05,0.00604007267292902,25928,"ENSG00000280800","c(19654; 47270; 74785; 104064; 134644; 165698; 167176; 206399; 238020; 267236; 290884; 313554; 362025; 378593; 406337; 432540; 454657; 501292; 514788; 538999; 563984; 612711; 622622; 647867; 696264; 705127; 751979; 779828; 796315; 820400; 846890; 878948; 911984; 919219; 958357; 986319; 1015822; 1049411; 1058482; 1100692; 1132187; 1162908; 1169887; 1215682; 1246143; 1253452; 1300295; 1309149; 1337006; 1364967)",integer(0),"character(0)"
"81",59,"enrichment","pT+","LINC01694",4.88038822201991,1.27944669408255e-05,0.00604007267292902,26233,"ENSG00000233922","c(19655; 47271; 74786; 104065; 134645; 165699; 167177; 206400; 238021; 267237; 290885; 313555; 362026; 378594; 406338; 432541; 454658; 501293; 514789; 539000; 563985; 612712; 622623; 647868; 696265; 705128; 751980; 779829; 796316; 820401; 846891; 878949; 911985; 919220; 958358; 986320; 1015823; 1049412; 1058483; 1100693; 1132188; 1162909; 1169888; 1215683; 1246144; 1253453; 1300296; 1309150; 1337007; 1364968)",integer(0),"character(0)"
"82",60,"enrichment","pT+","NAMA",4.85218479145894,1.40618033467999e-05,0.0065277234769736,12921,"ENSG00000271086","c(22890; 50428; 67917; 107428; 137299; 158680; 167178; 212322; 244766; 266368; 291756; 322852; 362056; 382983; 400407; 427448; 460401; 501320; 507237; 534168; 567589; 612694; 626362; 656986; 696291; 713600; 752003; 779794; 790387; 813649; 847753; 878071; 902681; 919183; 953962; 992244; 1020909; 1043662; 1058449; 1108238; 1137013; 1159298; 1169899; 1211937; 1237019; 1253420; 1291817; 1309120; 1337035; 1364915)",integer(0),"character(0)"
"83",61,"enrichment","pT+","LOXHD1",4.74693948261748,1.99779807996586e-05,0.00910956993344383,23214,"ENSG00000167210","c(21449; 49267; 62963; 106005; 136222; 166404; 167179; 205997; 246121; 264957; 291523; 314165; 362040; 384506; 406711; 432750; 454884; 501307; 505977; 533003; 558547; 612643; 626632; 648845; 696278; 705341; 751992; 779843; 796712; 812294; 849164; 878304; 911368; 919199; 952439; 985940; 1015607; 1049179; 1058462; 1109498; 1138178; 1168340; 1169950; 1211667; 1245160; 1253433; 1300076; 1309131; 1336986; 1364957)",integer(0),"character(0)"
"84",62,"enrichment","pT+","TUBB8P12",4.73933372137986,2.04898035179777e-05,0.00910956993344383,22906,"ENSG00000173213","c(19478; 47090; 74610; 103893; 134527; 165635; 167180; 206473; 236445; 266455; 292856; 314229; 362013; 378540; 406272; 432513; 454607; 501280; 514754; 541025; 565229; 612702; 626657; 648467; 696252; 705154; 751969; 779817; 796236; 821970; 847666; 877293; 911304; 919226; 958405; 986379; 1015844; 1049456; 1058489; 1100721; 1130156; 1161658; 1169891; 1211642; 1245538; 1253459; 1300263; 1309154; 1337012; 1364984)",integer(0),"character(0)"
"85",63,"enrichment","pT+","AC027045.2",4.73765190654735,2.06047070623258e-05,0.00910956993344383,21605,"ENSG00000282882","c(19476; 47087; 74607; 103891; 134526; 165634; 167181; 206474; 237684; 266903; 290565; 314261; 362012; 378539; 406271; 432512; 454606; 501279; 514639; 538924; 564372; 612701; 622922; 648268; 696251; 705618; 751968; 779816; 796235; 820731; 847218; 879262; 911272; 919227; 958406; 986380; 1015845; 1049457; 1058490; 1100836; 1132257; 1162515; 1169892; 1215377; 1245737; 1253460; 1299799; 1309155; 1337013; 1364986)",integer(0),"character(0)"
"86",64,"enrichment","pT+","HCG24",4.68088675151884,2.48769174527988e-05,0.0108265122158251,9001,"ENSG00000230313","c(21179; 48977; 63452; 105707; 135999; 166310; 167182; 206058; 245615; 265436; 293220; 314606; 362017; 383971; 406650; 432724; 454851; 501283; 506478; 533450; 558681; 612645; 627780; 649071; 696256; 705208; 751971; 779821; 796651; 812800; 848685; 876607; 910927; 919222; 952974; 986001; 1015633; 1049212; 1058486; 1108997; 1137731; 1168206; 1169948; 1210519; 1244934; 1253455; 1300209; 1309152; 1337008; 1364979)",integer(0),"character(0)"
"87",65,"enrichment","pT+","AL645465.1",4.65015826038671,2.75407302308197e-05,0.0118014147556773,2626,"ENSG00000240963","c(19369; 46971; 74492; 103770; 134410; 165589; 167183; 206529; 240178; 264910; 293255; 314611; 362007; 378498; 406219; 432489; 454568; 501274; 511314; 539229; 564149; 612698; 627941; 649182; 696248; 705207; 751965; 779813; 796180; 818237; 849211; 876572; 910922; 919232; 958447; 986432; 1015868; 1049495; 1058495; 1104161; 1131952; 1162738; 1169895; 1210296; 1244823; 1253463; 1300210; 1309158; 1337016; 1365017)",integer(0),"character(0)"
"88",66,"enrichment","pT+","AL354950.1",4.53425781916139,4.03483508544366e-05,0.0170276153992215,14448,"ENSG00000275005","c(24656; 52438; 79826; 109163; 121925; 154279; 167184; 210071; 240090; 265515; 301513; 329263; 362067; 375249; 402675; 440581; 468737; 501331; 511889; 551771; 579518; 612748; 636313; 664052; 696302; 711021; 751930; 779531; 792638; 818325; 848606; 868314; 896270; 919172; 961696; 989976; 1007776; 1035326; 1058438; 1103586; 1119410; 1147369; 1169845; 1201986; 1229953; 1253409; 1294396; 1309193; 1337298; 1364882)",integer(0),"pTpos-next_Abpos_top19"
"89",67,"enrichment","pT+","AC007132.1",4.4990890587381,4.52789804917324e-05,0.01882321557666,3170,"ENSG00000285611","c(19184; 46737; 74275; 103600; 134207; 165505; 167185; 206606; 240173; 266935; 291847; 314253; 361998; 378432; 406141; 432435; 454508; 501264; 513430; 538266; 564002; 612693; 623703; 648265; 696240; 705232; 751958; 779809; 796103; 818242; 847186; 877980; 911280; 919241; 958513; 986510; 1015922; 1049555; 1058505; 1102045; 1132915; 1162885; 1169900; 1214596; 1245740; 1253471; 1300185; 1309165; 1337020; 1365086)",integer(0),"character(0)"
"90",68,"enrichment","pT+","AC090018.2",4.48471354878788,4.74600386395706e-05,0.019439771415117,6050,"ENSG00000287005","c(22738; 50600; 67535; 107254; 137179; 158160; 167186; 205863; 244852; 266795; 292171; 323422; 362018; 383286; 406843; 432817; 461349; 501294; 507179; 534101; 568001; 612667; 626192; 657638; 696257; 714233; 751972; 779664; 796846; 813563; 847326; 877656; 902111; 919221; 953659; 985808; 1015540; 1042714; 1058475; 1108296; 1137080; 1158886; 1169926; 1212107; 1236367; 1253454; 1291184; 1309151; 1337165; 1365038)",integer(0),"character(0)"
"91",69,"enrichment","pT+","ADCY6-DT",4.46744775512865,5.02157372733649e-05,0.0202704192793483,16554,"ENSG00000257660","c(20623; 53388; 80654; 109847; 113925; 161948; 167187; 202324; 230036; 256997; 304159; 318092; 362027; 378979; 406807; 445015; 460681; 501338; 513063; 556368; 572606; 612753; 640116; 656987; 696309; 697674; 751507; 779808; 800385; 828379; 857124; 865668; 907441; 919212; 957966; 985844; 1003342; 1043382; 1058431; 1102412; 1114813; 1154281; 1169840; 1198183; 1237018; 1253402; 1307743; 1309616; 1337021; 1364852)",integer(0),"c(""pTpos-both_top17""; ""pTpos-next_Abpos_top14""; ""pTpos-next_both_top17"")"
"92",70,"enrichment","pT+","AL157936.1",4.45148244169829,5.2902756915069e-05,0.0210500069765059,12859,"ENSG00000288023","c(23576; 51550; 67515; 108123; 117517; 166881; 167188; 205775; 245515; 266794; 302706; 314555; 362046; 383921; 406931; 441982; 454997; 501314; 506565; 548683; 558708; 612671; 637511; 648687; 696283; 697707; 751666; 779849; 796934; 812900; 847327; 867121; 910978; 919193; 953024; 985720; 1006375; 1049066; 1058455; 1108910; 1122498; 1168179; 1169922; 1200788; 1245318; 1253428; 1307710; 1309457; 1336980; 1364959)",integer(0),"character(0)"
"93",71,"enrichment","pT+","AC012564.1",4.42136849973218,5.83589569655556e-05,0.0228939722304454,12036,"ENSG00000283157","c(7523; 50835; 78275; 107730; 137514; 160973; 167189; 199504; 227158; 254232; 281528; 309214; 361711; 375149; 402495; 429500; 459940; 501285; 514721; 540668; 572155; 612713; 626403; 656497; 696266; 713092; 751981; 779760; 803205; 831257; 859889; 888299; 916319; 919528; 961796; 990156; 1018857; 1044123; 1058484; 1100754; 1130513; 1154732; 1169880; 1211896; 1237508; 1253445; 1292325; 1309142; 1337069; 1365023)",integer(0),"character(0)"
"94",72,"enrichment","pT+","AC008568.1",4.41444936182236,5.96882501276839e-05,0.0230876574048828,7892,"ENSG00000229855","c(25092; 47063; 78188; 102469; 118002; 166352; 167190; 216433; 242116; 272090; 303296; 318619; 362055; 370786; 407501; 439943; 448807; 501269; 520161; 552606; 566750; 612714; 635149; 643679; 696237; 698028; 751668; 779814; 786276; 816299; 842031; 866531; 906914; 919184; 966159; 985150; 1008414; 1055256; 1058500; 1095314; 1118575; 1160137; 1169879; 1203150; 1250326; 1253474; 1307389; 1309455; 1337015; 1365004)",integer(0),"character(0)"
"95",73,"enrichment","pT+","TH2LCRR",4.41024441989043,6.05105012227209e-05,0.0230876574048828,7961,"ENSG00000223442","c(20633; 48356; 66114; 105143; 135516; 166129; 167191; 206205; 244765; 265541; 291433; 314720; 362003; 383134; 406516; 432651; 454777; 501270; 507238; 534169; 558939; 612596; 626363; 649159; 696244; 705780; 751961; 779812; 796504; 813650; 848580; 878394; 910813; 919236; 953811; 986135; 1015706; 1049286; 1058499; 1108237; 1137012; 1167948; 1169997; 1211936; 1244846; 1253467; 1299637; 1309162; 1337017; 1365141)",integer(0),"character(0)"
"96",74,"enrichment","pT+","AP001267.1",4.369892000922,6.89852120226392e-05,0.0259654744657644,15814,"ENSG00000254873","c(25154; 52942; 60993; 109592; 115630; 167047; 167192; 210193; 248677; 265136; 304616; 315297; 362068; 387700; 402547; 443825; 451642; 501332; 503235; 546432; 557798; 612368; 639150; 649698; 696303; 697138; 751612; 779865; 792516; 809738; 848985; 865211; 910236; 919171; 949245; 990104; 1004532; 1052421; 1058437; 1112240; 1124749; 1169089; 1170225; 1199149; 1244307; 1253408; 1308279; 1309511; 1336964; 1364856)",integer(0),"pTpos-none_top20"
"97",75,"enrichment","pT+","LINC00893",4.32365553504058,8.01243533812201e-05,0.0297560481963616,27680,"ENSG00000241769","c(26420; 48745; 71421; 97149; 120111; 166709; 167193; 217149; 246769; 274658; 303403; 319782; 362069; 380951; 410097; 439406; 448802; 501272; 518504; 548079; 559411; 612679; 632196; 642675; 696212; 698192; 751687; 779818; 785560; 811646; 839463; 866424; 905751; 919170; 955994; 982554; 1008951; 1055261; 1058497; 1096971; 1123102; 1167476; 1169914; 1206103; 1251330; 1253499; 1307225; 1309436; 1337011; 1365039)",integer(0),"character(0)"
"98",76,"enrichment","pT+","AL359233.1",4.31283671409308,8.29739234762001e-05,0.0304088511918763,18362,"ENSG00000258696","c(17102; 52738; 68294; 95077; 131396; 167029; 167194; 201858; 241438; 270731; 293872; 308097; 361989; 384180; 413287; 437904; 451680; 501309; 519315; 537224; 558606; 612663; 619438; 641864; 696090; 698979; 751947; 779848; 800851; 816977; 843390; 875955; 917436; 919250; 952765; 979364; 1010453; 1052383; 1058460; 1096160; 1133957; 1168281; 1169930; 1218861; 1252141; 1253621; 1306438; 1309176; 1336981; 1365091)",integer(0),"character(0)"
"99",77,"enrichment","pT+","AC002401.4",4.28050431729847,9.20916304762425e-05,0.032911798681836,22351,"ENSG00000276851","c(21746; 49010; 76852; 106311; 136478; 156535; 167195; 212672; 237462; 265507; 292051; 324912; 362005; 372873; 400006; 427195; 462835; 501268; 514012; 540327; 574836; 612696; 626766; 659337; 696246; 715954; 751963; 779526; 790037; 820953; 848614; 877776; 900621; 919234; 964072; 992645; 1021162; 1041228; 1058501; 1101463; 1130854; 1152051; 1169897; 1211533; 1234668; 1253465; 1289463; 1309160; 1337303; 1365098)",integer(0),"character(0)"
"100",78,"enrichment","pT+","AC007240.3",4.28025114208216,9.21667431581234e-05,0.032911798681836,2784,"ENSG00000285872","c(23215; 51174; 68320; 107758; 117241; 166817; 167196; 205816; 244653; 263634; 302607; 314774; 362015; 383061; 406889; 441843; 454976; 501282; 507358; 549430; 558978; 612665; 637398; 649492; 696254; 697736; 751634; 779819; 796893; 813762; 850487; 867220; 910759; 919224; 953884; 985762; 1006514; 1049087; 1058487; 1108117; 1121751; 1167909; 1169928; 1200901; 1244513; 1253457; 1307681; 1309489; 1337010; 1365027)",integer(0),"character(0)"
"101",79,"enrichment","pT+","NAT1",4.26343695169793,9.72911424022415e-05,0.0343019011307548,11381,"ENSG00000171428","c(21073; 48852; 62075; 105574; 135900; 166277; 167197; 206128; 246389; 264038; 291984; 314344; 361997; 384816; 406597; 432689; 454820; 501263; 505670; 532751; 558449; 612335; 627304; 649065; 696239; 705358; 751957; 779807; 796581; 812026; 850083; 877843; 911189; 919242; 952129; 986054; 1015668; 1049243; 1058506; 1109805; 1138430; 1168438; 1170258; 1210995; 1244940; 1253472; 1300059; 1309166; 1337022; 1365176)",integer(0),"character(0)"
"102",80,"enrichment","pT+","LINC01775",4.25534217439621,9.98561238106382e-05,0.0347661577062213,23549,"ENSG00000267201","c(18920; 46418; 74001; 103339; 133962; 165413; 167198; 206766; 238425; 263223; 290179; 314252; 361987; 378301; 405974; 432332; 454413; 501250; 511727; 538054; 564293; 612678; 625848; 649069; 696231; 705837; 751952; 779805; 795943; 819990; 851128; 879648; 911281; 919252; 958644; 986677; 1016025; 1049650; 1058519; 1103748; 1133127; 1162594; 1169915; 1212451; 1244936; 1253480; 1299580; 1309171; 1337024; 1365292)",integer(0),"character(0)"
"103",81,"enrichment","pT+","AL133453.1",4.25122429892701,0.000101186108216131,0.034794279903011,18458,"ENSG00000258757","c(24160; 51939; 79301; 108700; 114365; 162474; 167199; 208047; 237649; 265102; 304725; 320900; 362047; 377163; 404726; 443984; 458581; 501312; 513626; 555337; 570758; 612730; 639254; 655040; 696284; 697831; 751431; 779804; 794662; 820766; 849019; 865102; 904633; 919192; 959782; 987925; 1004373; 1045482; 1058457; 1101849; 1115844; 1156129; 1169863; 1199045; 1238965; 1253427; 1307586; 1309692; 1337025; 1364902)",integer(0),"character(0)"
"104",82,"enrichment","pT+","GPX2",4.23214599882908,0.000107576492630229,0.0363742354770294,18577,"ENSG00000176153","c(18900; 46389; 73975; 103311; 133935; 165401; 167200; 206778; 238447; 266506; 292790; 314471; 361984; 378287; 405958; 432329; 454403; 501248; 513863; 540160; 564374; 612676; 626620; 648727; 696228; 705238; 751950; 779803; 795931; 819968; 847615; 877227; 911062; 919255; 958658; 986693; 1016028; 1049660; 1058521; 1101612; 1131021; 1162513; 1169917; 1211679; 1245278; 1253483; 1300179; 1309173; 1337026; 1365312)",integer(0),"character(0)"
"105",83,"enrichment","pT+","EOMES",4.22605390037629,0.000109698624208181,0.0363742354770294,4790,"ENSG00000163508","c(21370; 49187; 61077; 105943; 136172; 166387; 167201; 206062; 247054; 263004; 290631; 314069; 361999; 385673; 406642; 432720; 454849; 501265; 504917; 532103; 558240; 612262; 626768; 648992; 696241; 705392; 751959; 779810; 796646; 811360; 850909; 879195; 911463; 919239; 951271; 986008; 1015636; 1049213; 1058503; 1110557; 1139077; 1168646; 1170330; 1211530; 1245012; 1253469; 1300024; 1309163; 1337018; 1365164)",integer(0),"character(0)"
"106",84,"enrichment","pT+","AC138409.3",4.22605390037629,0.000109698624208181,0.0363742354770294,7381,"ENSG00000286543","c(21371; 49188; 61078; 105944; 136173; 166388; 167202; 206063; 247055; 263044; 290632; 314070; 362000; 385674; 406643; 432721; 454850; 501266; 504918; 532104; 558241; 612263; 626769; 648993; 696242; 705393; 751960; 779811; 796647; 811361; 850949; 879196; 911464; 919240; 951272; 986009; 1015637; 1049214; 1058504; 1110558; 1139078; 1168647; 1170331; 1211531; 1245013; 1253470; 1300025; 1309164; 1337019; 1365165)",integer(0),"character(0)"
"107",85,"enrichment","pT+","LINC02656",4.21967767295192,0.000111963368256101,0.0366884199533786,13468,"ENSG00000212743","c(22850; 50309; 66821; 107382; 137266; 157790; 167203; 212494; 245396; 263110; 292117; 323980; 362006; 383563; 400207; 427331; 461662; 501273; 506692; 533629; 567918; 612593; 627786; 658261; 696247; 714842; 751964; 779551; 790215; 813019; 851015; 877710; 901553; 919233; 953382; 992444; 1021026; 1042401; 1058496; 1108783; 1137552; 1158969; 1170000; 1210513; 1235744; 1253464; 1290575; 1309159; 1337278; 1365104)",integer(0),"character(0)"
"108",86,"enrichment","pT+","AC117834.1",4.18138675761697,0.000126552040099324,0.040986674103331,11916,"ENSG00000253197","c(18833; 46302; 73912; 103246; 133876; 165375; 167204; 206793; 238443; 266788; 292666; 314579; 361973; 378269; 405938; 432315; 454384; 501237; 514076; 540161; 564693; 612672; 626360; 648726; 696218; 705373; 751940; 779796; 795916; 819972; 847333; 877103; 910954; 919266; 958676; 986713; 1016042; 1049679; 1058532; 1101399; 1131020; 1162194; 1169921; 1211939; 1245279; 1253493; 1300044; 1309183; 1337033; 1365356)",integer(0),"character(0)"
"109",87,"enrichment","pT+","AC067752.1",4.15476068954398,0.000137769487943012,0.0441068223870888,13821,"ENSG00000285551","c(22786; 50658; 66858; 107316; 137215; 157534; 167205; 205875; 245314; 266549; 293116; 324269; 362004; 383701; 406836; 432813; 462441; 501271; 506751; 533701; 568279; 612511; 626892; 658609; 696245; 715208; 751962; 779536; 796834; 813101; 847572; 876711; 901264; 919235; 953244; 985815; 1015544; 1041622; 1058498; 1108724; 1137480; 1158608; 1170082; 1211407; 1235396; 1253466; 1290209; 1309161; 1337293; 1365158)",integer(0),"character(0)"
"110",88,"enrichment","pT+","AC079052.1",4.14860972997231,0.000140495145016334,0.0444683099334085,23189,"ENSG00000286328","c(23287; 51246; 78371; 107827; 113407; 166831; 167206; 205792; 239631; 264359; 305172; 315032; 362016; 379081; 406914; 444629; 454992; 501284; 511882; 555809; 565050; 612704; 639645; 649624; 696255; 696874; 750146; 779820; 796917; 819344; 849762; 864655; 910501; 919223; 957864; 985737; 1003728; 1049071; 1058485; 1103593; 1115372; 1161837; 1169889; 1198654; 1244381; 1253456; 1308543; 1310977; 1337009; 1364893)",integer(0),"character(0)"
"111",89,"enrichment","pT+","AC092114.1",4.12264742439091,0.000152588481304618,0.0477533367390733,21076,"ENSG00000260848","c(23582; 51556; 78683; 108134; 112995; 166882; 167207; 205757; 238349; 264176; 305748; 315079; 362036; 379114; 406955; 445062; 455009; 501303; 512448; 556422; 565248; 612722; 640144; 649658; 696274; 696522; 749967; 779839; 796952; 820066; 849945; 864079; 910454; 919203; 957831; 985696; 1003295; 1049054; 1058466; 1103027; 1114759; 1161639; 1169871; 1198155; 1244347; 1253437; 1308895; 1311156; 1336990; 1364878)",integer(0),"character(0)"
"112",27853,"pairwise","Abpos-none","AC092924.2",-7.53601309158221,2.66380786448241e-09,7.41950404494285e-05,5749,"ENSG00000287706","c(27402; 55149; 78396; 103532; 127729; 139266; 176394; 207944; 247483; 276564; 304872; 334236; 361590; 386193; 415765; 444151; 473501; 500839; 520836; 549933; 584913; 609116; 631679; 668472; 691343; 724178; 746222; 752032; 794765; 810932; 837557; 864955; 891297; 919649; 950752; 976886; 1004206; 1030562; 1058930; 1094639; 1121248; 1141974; 1173477; 1206620; 1225533; 1258368; 1281239; 1314901; 1364797; 1364798)",integer(0),"c(""none_top1""; ""none-pTpos_top1""; ""none-Abpos_top1""; ""none-both_top1""; ""none-next_Abpos_top1""; ""none-next_both_top1""; ""none-next_pTpos_top1""; ""noWM_top1"")"
"113",27851,"pairwise","Abpos-pTpos","AL049840.4",-5.25143117523695,4.80084402664675e-06,0.0445726362247307,18983,"ENSG00000269940","c(21736; 49585; 76844; 106300; 136466; 166485; 167121; 205806; 236819; 264257; 291359; 314038; 362087; 379071; 406899; 432843; 454983; 501352; 514121; 540412; 564733; 612765; 626676; 648841; 696323; 705239; 752029; 779882; 796903; 821596; 849864; 878468; 911495; 919152; 957874; 985752; 1015514; 1049080; 1058417; 1101354; 1130769; 1162154; 1169828; 1211623; 1245164; 1253388; 1300178; 1309094; 1336947; 1364801)",integer(0),"c(""pT+_top3""; ""pTpos-Abpos_top3""; ""pTpos-both_top3""; ""pTpos-next_Abpos_top2""; ""pTpos-next_both_top3""; ""pTpos-next_pTpos_top3""; ""pTpos-none_top3""; ""noWM_top4"")"
"114",27852,"pairwise","Abpos-pTpos","CHRDL2",-5.26462683959141,4.5985951772486e-06,0.0445726362247307,15488,"ENSG00000054938","c(21750; 49598; 76854; 106313; 136480; 166488; 167120; 205804; 238537; 266356; 293484; 314715; 362088; 379072; 406901; 432845; 454984; 501353; 513655; 540651; 564814; 612766; 627977; 649061; 696324; 705167; 752030; 779883; 796905; 819878; 847765; 876343; 910818; 919151; 957873; 985750; 1015512; 1049079; 1058416; 1101820; 1130530; 1162073; 1169827; 1210332; 1244944; 1253387; 1300250; 1309093; 1336946; 1364800)",integer(0),"c(""pT+_top2""; ""pTpos-Abpos_top2""; ""pTpos-both_top2""; ""pTpos-next_Abpos_top1""; ""pTpos-next_both_top2""; ""pTpos-next_pTpos_top2""; ""pTpos-none_top2""; ""noWM_top3"")"
"115",27853,"pairwise","Abpos-pTpos","AL121932.2",-5.87561399116841,6.19012880797363e-07,0.017241365768849,8834,"ENSG00000287279","c(23453; 51425; 66492; 108010; 137681; 166858; 167119; 205690; 247075; 266770; 290630; 314065; 362089; 385768; 407035; 432908; 455039; 501354; 504889; 532080; 558231; 612764; 623554; 648270; 696325; 705388; 752031; 779884; 797019; 811340; 847351; 879197; 911468; 919150; 951177; 985616; 1015449; 1049024; 1058415; 1110586; 1139101; 1168656; 1169829; 1214745; 1245735; 1253386; 1300029; 1309092; 1336945; 1364799)",integer(0),"c(""pT+_top1""; ""pTpos-Abpos_top1""; ""pTpos-both_top1""; ""pTpos-next_Abpos_top3""; ""pTpos-next_both_top1""; ""pTpos-next_pTpos_top1""; ""pTpos-none_top1""; ""noWM_top2"")"
"116",27851,"pairwise","both-none","F10",-5.3262462166136,3.76055868822975e-06,0.0349142803810878,18079,"ENSG00000126218","c(11954; 55207; 81986; 110179; 125367; 139269; 174141; 196245; 225185; 253146; 294089; 334213; 353026; 381434; 411008; 443916; 473499; 500704; 519111; 553948; 584912; 611763; 637330; 668470; 694848; 724171; 745595; 752042; 806464; 833230; 860975; 875738; 891320; 928213; 955511; 981643; 1004441; 1030564; 1059065; 1096364; 1117233; 1141975; 1170830; 1200969; 1225535; 1254863; 1281246; 1315528; 1364787; 1364806)",integer(0),"c(""none_top4""; ""none-pTpos_top11""; ""none-both_top3""; ""none-next_Abpos_top2""; ""none-next_both_top3""; ""none-next_pTpos_top8""; ""noWM_top9"")"
"117",27852,"pairwise","both-none","HOGA1",-5.32947761445164,3.72106008087026e-06,0.0349142803810878,14140,"ENSG00000241935","c(26604; 55469; 80864; 96911; 116812; 139271; 176313; 201718; 242022; 275670; 305625; 334234; 359463; 384789; 416818; 445406; 473500; 500714; 524796; 555540; 584909; 609383; 635100; 668445; 687420; 724135; 731694; 752043; 800991; 816393; 838451; 864202; 891299; 921776; 952156; 975833; 1002951; 1030563; 1059055; 1090679; 1115641; 1141978; 1173210; 1203199; 1225560; 1262291; 1281282; 1329429; 1364786; 1364809)",integer(0),"c(""none_top6""; ""none-pTpos_top12""; ""none-Abpos_top3""; ""none-both_top2""; ""none-next_Abpos_top5""; ""noWM_top12"")"
"118",27853,"pairwise","both-none","AC092924.2",-7.24259727039589,6.91156892606416e-09,0.000192507929297665,5749,"ENSG00000287706","c(27402; 55149; 78396; 103532; 127729; 139266; 176394; 207944; 247483; 276564; 304872; 334236; 361590; 386193; 415765; 444151; 473501; 500839; 520836; 549933; 584913; 609116; 631679; 668472; 691343; 724178; 746222; 752032; 794765; 810932; 837557; 864955; 891297; 919649; 950752; 976886; 1004206; 1030562; 1058930; 1094639; 1121248; 1141974; 1173477; 1206620; 1225533; 1258368; 1281239; 1314901; 1364797; 1364798)",integer(0),"c(""none_top1""; ""none-pTpos_top1""; ""none-Abpos_top1""; ""none-both_top1""; ""none-next_Abpos_top1""; ""none-next_both_top1""; ""none-next_pTpos_top1""; ""noWM_top1"")"
"119",27853,"pairwise","both-pTpos","AL121932.2",-5.67177860063367,1.21107718421359e-06,0.0337321328119011,8834,"ENSG00000287279","c(23453; 51425; 66492; 108010; 137681; 166858; 167119; 205690; 247075; 266770; 290630; 314065; 362089; 385768; 407035; 432908; 455039; 501354; 504889; 532080; 558231; 612764; 623554; 648270; 696325; 705388; 752031; 779884; 797019; 811340; 847351; 879197; 911468; 919150; 951177; 985616; 1015449; 1049024; 1058415; 1110586; 1139101; 1168656; 1169829; 1214745; 1245735; 1253386; 1300029; 1309092; 1336945; 1364799)",integer(0),"c(""pT+_top1""; ""pTpos-Abpos_top1""; ""pTpos-both_top1""; ""pTpos-next_Abpos_top3""; ""pTpos-next_both_top1""; ""pTpos-next_pTpos_top1""; ""pTpos-none_top1""; ""noWM_top2"")"
"120",27853,"pairwise","next_Abpos-none","AC092924.2",-6.55263012123823,6.63926898524694e-08,0.00184923559046083,5749,"ENSG00000287706","c(27402; 55149; 78396; 103532; 127729; 139266; 176394; 207944; 247483; 276564; 304872; 334236; 361590; 386193; 415765; 444151; 473501; 500839; 520836; 549933; 584913; 609116; 631679; 668472; 691343; 724178; 746222; 752032; 794765; 810932; 837557; 864955; 891297; 919649; 950752; 976886; 1004206; 1030562; 1058930; 1094639; 1121248; 1141974; 1173477; 1206620; 1225533; 1258368; 1281239; 1314901; 1364797; 1364798)",integer(0),"c(""none_top1""; ""none-pTpos_top1""; ""none-Abpos_top1""; ""none-both_top1""; ""none-next_Abpos_top1""; ""none-next_both_top1""; ""none-next_pTpos_top1""; ""noWM_top1"")"
"121",27853,"pairwise","next_both-none","AC092924.2",-6.15194721174553,2.48833173691433e-07,0.00693075038682747,5749,"ENSG00000287706","c(27402; 55149; 78396; 103532; 127729; 139266; 176394; 207944; 247483; 276564; 304872; 334236; 361590; 386193; 415765; 444151; 473501; 500839; 520836; 549933; 584913; 609116; 631679; 668472; 691343; 724178; 746222; 752032; 794765; 810932; 837557; 864955; 891297; 919649; 950752; 976886; 1004206; 1030562; 1058930; 1094639; 1121248; 1141974; 1173477; 1206620; 1225533; 1258368; 1281239; 1314901; 1364797; 1364798)",integer(0),"c(""none_top1""; ""none-pTpos_top1""; ""none-Abpos_top1""; ""none-both_top1""; ""none-next_Abpos_top1""; ""none-next_both_top1""; ""none-next_pTpos_top1""; ""noWM_top1"")"
"122",27851,"pairwise","next_both-pTpos","AL049840.4",-5.25143117523694,4.80084402664683e-06,0.0445726362247314,18983,"ENSG00000269940","c(21736; 49585; 76844; 106300; 136466; 166485; 167121; 205806; 236819; 264257; 291359; 314038; 362087; 379071; 406899; 432843; 454983; 501352; 514121; 540412; 564733; 612765; 626676; 648841; 696323; 705239; 752029; 779882; 796903; 821596; 849864; 878468; 911495; 919152; 957874; 985752; 1015514; 1049080; 1058417; 1101354; 1130769; 1162154; 1169828; 1211623; 1245164; 1253388; 1300178; 1309094; 1336947; 1364801)",integer(0),"c(""pT+_top3""; ""pTpos-Abpos_top3""; ""pTpos-both_top3""; ""pTpos-next_Abpos_top2""; ""pTpos-next_both_top3""; ""pTpos-next_pTpos_top3""; ""pTpos-none_top3""; ""noWM_top4"")"
"123",27852,"pairwise","next_both-pTpos","CHRDL2",-5.2646268395914,4.59859517724873e-06,0.0445726362247314,15488,"ENSG00000054938","c(21750; 49598; 76854; 106313; 136480; 166488; 167120; 205804; 238537; 266356; 293484; 314715; 362088; 379072; 406901; 432845; 454984; 501353; 513655; 540651; 564814; 612766; 627977; 649061; 696324; 705167; 752030; 779883; 796905; 819878; 847765; 876343; 910818; 919151; 957873; 985750; 1015512; 1049079; 1058416; 1101820; 1130530; 1162073; 1169827; 1210332; 1244944; 1253387; 1300250; 1309093; 1336946; 1364800)",integer(0),"c(""pT+_top2""; ""pTpos-Abpos_top2""; ""pTpos-both_top2""; ""pTpos-next_Abpos_top1""; ""pTpos-next_both_top2""; ""pTpos-next_pTpos_top2""; ""pTpos-none_top2""; ""noWM_top3"")"
"124",27853,"pairwise","next_both-pTpos","AL121932.2",-5.8756139911684,6.19012880797384e-07,0.0172413657688495,8834,"ENSG00000287279","c(23453; 51425; 66492; 108010; 137681; 166858; 167119; 205690; 247075; 266770; 290630; 314065; 362089; 385768; 407035; 432908; 455039; 501354; 504889; 532080; 558231; 612764; 623554; 648270; 696325; 705388; 752031; 779884; 797019; 811340; 847351; 879197; 911468; 919150; 951177; 985616; 1015449; 1049024; 1058415; 1110586; 1139101; 1168656; 1169829; 1214745; 1245735; 1253386; 1300029; 1309092; 1336945; 1364799)",integer(0),"c(""pT+_top1""; ""pTpos-Abpos_top1""; ""pTpos-both_top1""; ""pTpos-next_Abpos_top3""; ""pTpos-next_both_top1""; ""pTpos-next_pTpos_top1""; ""pTpos-none_top1""; ""noWM_top2"")"
"125",27853,"pairwise","next_pTpos-none","AC092924.2",-5.78739019118704,8.27806377327435e-07,0.023056891027701,5749,"ENSG00000287706","c(27402; 55149; 78396; 103532; 127729; 139266; 176394; 207944; 247483; 276564; 304872; 334236; 361590; 386193; 415765; 444151; 473501; 500839; 520836; 549933; 584913; 609116; 631679; 668472; 691343; 724178; 746222; 752032; 794765; 810932; 837557; 864955; 891297; 919649; 950752; 976886; 1004206; 1030562; 1058930; 1094639; 1121248; 1141974; 1173477; 1206620; 1225533; 1258368; 1281239; 1314901; 1364797; 1364798)",integer(0),"c(""none_top1""; ""none-pTpos_top1""; ""none-Abpos_top1""; ""none-both_top1""; ""none-next_Abpos_top1""; ""none-next_both_top1""; ""none-next_pTpos_top1""; ""noWM_top1"")"
"126",27851,"pairwise","next_pTpos-pTpos","AL049840.4",-5.25143117523695,4.80084402664671e-06,0.0445726362247303,18983,"ENSG00000269940","c(21736; 49585; 76844; 106300; 136466; 166485; 167121; 205806; 236819; 264257; 291359; 314038; 362087; 379071; 406899; 432843; 454983; 501352; 514121; 540412; 564733; 612765; 626676; 648841; 696323; 705239; 752029; 779882; 796903; 821596; 849864; 878468; 911495; 919152; 957874; 985752; 1015514; 1049080; 1058417; 1101354; 1130769; 1162154; 1169828; 1211623; 1245164; 1253388; 1300178; 1309094; 1336947; 1364801)",integer(0),"c(""pT+_top3""; ""pTpos-Abpos_top3""; ""pTpos-both_top3""; ""pTpos-next_Abpos_top2""; ""pTpos-next_both_top3""; ""pTpos-next_pTpos_top3""; ""pTpos-none_top3""; ""noWM_top4"")"
"127",27852,"pairwise","next_pTpos-pTpos","CHRDL2",-5.2646268395914,4.59859517724871e-06,0.0445726362247303,15488,"ENSG00000054938","c(21750; 49598; 76854; 106313; 136480; 166488; 167120; 205804; 238537; 266356; 293484; 314715; 362088; 379072; 406901; 432845; 454984; 501353; 513655; 540651; 564814; 612766; 627977; 649061; 696324; 705167; 752030; 779883; 796905; 819878; 847765; 876343; 910818; 919151; 957873; 985750; 1015512; 1049079; 1058416; 1101820; 1130530; 1162073; 1169827; 1210332; 1244944; 1253387; 1300250; 1309093; 1336946; 1364800)",integer(0),"c(""pT+_top2""; ""pTpos-Abpos_top2""; ""pTpos-both_top2""; ""pTpos-next_Abpos_top1""; ""pTpos-next_both_top2""; ""pTpos-next_pTpos_top2""; ""pTpos-none_top2""; ""noWM_top3"")"
"128",27853,"pairwise","next_pTpos-pTpos","AL121932.2",-5.87561399116842,6.19012880797351e-07,0.0172413657688486,8834,"ENSG00000287279","c(23453; 51425; 66492; 108010; 137681; 166858; 167119; 205690; 247075; 266770; 290630; 314065; 362089; 385768; 407035; 432908; 455039; 501354; 504889; 532080; 558231; 612764; 623554; 648270; 696325; 705388; 752031; 779884; 797019; 811340; 847351; 879197; 911468; 919150; 951177; 985616; 1015449; 1049024; 1058415; 1110586; 1139101; 1168656; 1169829; 1214745; 1245735; 1253386; 1300029; 1309092; 1336945; 1364799)",integer(0),"c(""pT+_top1""; ""pTpos-Abpos_top1""; ""pTpos-both_top1""; ""pTpos-next_Abpos_top3""; ""pTpos-next_both_top1""; ""pTpos-next_pTpos_top1""; ""pTpos-none_top1""; ""noWM_top2"")"
"129",27851,"pairwise","none-pTpos","AL049840.4",-5.25143117523697,4.80084402664643e-06,0.0445726362247276,18983,"ENSG00000269940","c(21736; 49585; 76844; 106300; 136466; 166485; 167121; 205806; 236819; 264257; 291359; 314038; 362087; 379071; 406899; 432843; 454983; 501352; 514121; 540412; 564733; 612765; 626676; 648841; 696323; 705239; 752029; 779882; 796903; 821596; 849864; 878468; 911495; 919152; 957874; 985752; 1015514; 1049080; 1058417; 1101354; 1130769; 1162154; 1169828; 1211623; 1245164; 1253388; 1300178; 1309094; 1336947; 1364801)",integer(0),"c(""pT+_top3""; ""pTpos-Abpos_top3""; ""pTpos-both_top3""; ""pTpos-next_Abpos_top2""; ""pTpos-next_both_top3""; ""pTpos-next_pTpos_top3""; ""pTpos-none_top3""; ""noWM_top4"")"
"130",27852,"pairwise","none-pTpos","CHRDL2",-5.26462683959142,4.59859517724843e-06,0.0445726362247276,15488,"ENSG00000054938","c(21750; 49598; 76854; 106313; 136480; 166488; 167120; 205804; 238537; 266356; 293484; 314715; 362088; 379072; 406901; 432845; 454984; 501353; 513655; 540651; 564814; 612766; 627977; 649061; 696324; 705167; 752030; 779883; 796905; 819878; 847765; 876343; 910818; 919151; 957873; 985750; 1015512; 1049079; 1058416; 1101820; 1130530; 1162073; 1169827; 1210332; 1244944; 1253387; 1300250; 1309093; 1336946; 1364800)",integer(0),"c(""pT+_top2""; ""pTpos-Abpos_top2""; ""pTpos-both_top2""; ""pTpos-next_Abpos_top1""; ""pTpos-next_both_top2""; ""pTpos-next_pTpos_top2""; ""pTpos-none_top2""; ""noWM_top3"")"
"131",27853,"pairwise","none-pTpos","AL121932.2",-5.87561399116843,6.1901288079732e-07,0.0172413657688478,8834,"ENSG00000287279","c(23453; 51425; 66492; 108010; 137681; 166858; 167119; 205690; 247075; 266770; 290630; 314065; 362089; 385768; 407035; 432908; 455039; 501354; 504889; 532080; 558231; 612764; 623554; 648270; 696325; 705388; 752031; 779884; 797019; 811340; 847351; 879197; 911468; 919150; 951177; 985616; 1015449; 1049024; 1058415; 1110586; 1139101; 1168656; 1169829; 1214745; 1245735; 1253386; 1300029; 1309092; 1336945; 1364799)",integer(0),"c(""pT+_top1""; ""pTpos-Abpos_top1""; ""pTpos-both_top1""; ""pTpos-next_Abpos_top3""; ""pTpos-next_both_top1""; ""pTpos-next_pTpos_top1""; ""pTpos-none_top1""; ""noWM_top2"")"
"132",1,"pairwise","none-Abpos","AC092924.2",7.53601309158221,2.66380786448241e-09,7.41950404494285e-05,5749,"ENSG00000287706","c(27402; 55149; 78396; 103532; 127729; 139266; 176394; 207944; 247483; 276564; 304872; 334236; 361590; 386193; 415765; 444151; 473501; 500839; 520836; 549933; 584913; 609116; 631679; 668472; 691343; 724178; 746222; 752032; 794765; 810932; 837557; 864955; 891297; 919649; 950752; 976886; 1004206; 1030562; 1058930; 1094639; 1121248; 1141974; 1173477; 1206620; 1225533; 1258368; 1281239; 1314901; 1364797; 1364798)",integer(0),"c(""none_top1""; ""none-pTpos_top1""; ""none-Abpos_top1""; ""none-both_top1""; ""none-next_Abpos_top1""; ""none-next_both_top1""; ""none-next_pTpos_top1""; ""noWM_top1"")"
"133",1,"pairwise","pTpos-Abpos","AL121932.2",5.87561399116841,6.19012880797363e-07,0.017241365768849,8834,"ENSG00000287279","c(23453; 51425; 66492; 108010; 137681; 166858; 167119; 205690; 247075; 266770; 290630; 314065; 362089; 385768; 407035; 432908; 455039; 501354; 504889; 532080; 558231; 612764; 623554; 648270; 696325; 705388; 752031; 779884; 797019; 811340; 847351; 879197; 911468; 919150; 951177; 985616; 1015449; 1049024; 1058415; 1110586; 1139101; 1168656; 1169829; 1214745; 1245735; 1253386; 1300029; 1309092; 1336945; 1364799)",integer(0),"c(""pT+_top1""; ""pTpos-Abpos_top1""; ""pTpos-both_top1""; ""pTpos-next_Abpos_top3""; ""pTpos-next_both_top1""; ""pTpos-next_pTpos_top1""; ""pTpos-none_top1""; ""noWM_top2"")"
"134",2,"pairwise","pTpos-Abpos","CHRDL2",5.26462683959141,4.5985951772486e-06,0.0445726362247307,15488,"ENSG00000054938","c(21750; 49598; 76854; 106313; 136480; 166488; 167120; 205804; 238537; 266356; 293484; 314715; 362088; 379072; 406901; 432845; 454984; 501353; 513655; 540651; 564814; 612766; 627977; 649061; 696324; 705167; 752030; 779883; 796905; 819878; 847765; 876343; 910818; 919151; 957873; 985750; 1015512; 1049079; 1058416; 1101820; 1130530; 1162073; 1169827; 1210332; 1244944; 1253387; 1300250; 1309093; 1336946; 1364800)",integer(0),"c(""pT+_top2""; ""pTpos-Abpos_top2""; ""pTpos-both_top2""; ""pTpos-next_Abpos_top1""; ""pTpos-next_both_top2""; ""pTpos-next_pTpos_top2""; ""pTpos-none_top2""; ""noWM_top3"")"
"135",3,"pairwise","pTpos-Abpos","AL049840.4",5.25143117523695,4.80084402664675e-06,0.0445726362247307,18983,"ENSG00000269940","c(21736; 49585; 76844; 106300; 136466; 166485; 167121; 205806; 236819; 264257; 291359; 314038; 362087; 379071; 406899; 432843; 454983; 501352; 514121; 540412; 564733; 612765; 626676; 648841; 696323; 705239; 752029; 779882; 796903; 821596; 849864; 878468; 911495; 919152; 957874; 985752; 1015514; 1049080; 1058417; 1101354; 1130769; 1162154; 1169828; 1211623; 1245164; 1253388; 1300178; 1309094; 1336947; 1364801)",integer(0),"c(""pT+_top3""; ""pTpos-Abpos_top3""; ""pTpos-both_top3""; ""pTpos-next_Abpos_top2""; ""pTpos-next_both_top3""; ""pTpos-next_pTpos_top3""; ""pTpos-none_top3""; ""noWM_top4"")"
"136",1,"pairwise","none-both","AC092924.2",7.24259727039589,6.91156892606416e-09,0.000192507929297665,5749,"ENSG00000287706","c(27402; 55149; 78396; 103532; 127729; 139266; 176394; 207944; 247483; 276564; 304872; 334236; 361590; 386193; 415765; 444151; 473501; 500839; 520836; 549933; 584913; 609116; 631679; 668472; 691343; 724178; 746222; 752032; 794765; 810932; 837557; 864955; 891297; 919649; 950752; 976886; 1004206; 1030562; 1058930; 1094639; 1121248; 1141974; 1173477; 1206620; 1225533; 1258368; 1281239; 1314901; 1364797; 1364798)",integer(0),"c(""none_top1""; ""none-pTpos_top1""; ""none-Abpos_top1""; ""none-both_top1""; ""none-next_Abpos_top1""; ""none-next_both_top1""; ""none-next_pTpos_top1""; ""noWM_top1"")"
"137",2,"pairwise","none-both","HOGA1",5.32947761445164,3.72106008087026e-06,0.0349142803810878,14140,"ENSG00000241935","c(26604; 55469; 80864; 96911; 116812; 139271; 176313; 201718; 242022; 275670; 305625; 334234; 359463; 384789; 416818; 445406; 473500; 500714; 524796; 555540; 584909; 609383; 635100; 668445; 687420; 724135; 731694; 752043; 800991; 816393; 838451; 864202; 891299; 921776; 952156; 975833; 1002951; 1030563; 1059055; 1090679; 1115641; 1141978; 1173210; 1203199; 1225560; 1262291; 1281282; 1329429; 1364786; 1364809)",integer(0),"c(""none_top6""; ""none-pTpos_top12""; ""none-Abpos_top3""; ""none-both_top2""; ""none-next_Abpos_top5""; ""noWM_top12"")"
"138",3,"pairwise","none-both","F10",5.3262462166136,3.76055868822975e-06,0.0349142803810878,18079,"ENSG00000126218","c(11954; 55207; 81986; 110179; 125367; 139269; 174141; 196245; 225185; 253146; 294089; 334213; 353026; 381434; 411008; 443916; 473499; 500704; 519111; 553948; 584912; 611763; 637330; 668470; 694848; 724171; 745595; 752042; 806464; 833230; 860975; 875738; 891320; 928213; 955511; 981643; 1004441; 1030564; 1059065; 1096364; 1117233; 1141975; 1170830; 1200969; 1225535; 1254863; 1281246; 1315528; 1364787; 1364806)",integer(0),"c(""none_top4""; ""none-pTpos_top11""; ""none-both_top3""; ""none-next_Abpos_top2""; ""none-next_both_top3""; ""none-next_pTpos_top8""; ""noWM_top9"")"
"139",1,"pairwise","pTpos-both","AL121932.2",5.67177860063367,1.21107718421359e-06,0.0337321328119011,8834,"ENSG00000287279","c(23453; 51425; 66492; 108010; 137681; 166858; 167119; 205690; 247075; 266770; 290630; 314065; 362089; 385768; 407035; 432908; 455039; 501354; 504889; 532080; 558231; 612764; 623554; 648270; 696325; 705388; 752031; 779884; 797019; 811340; 847351; 879197; 911468; 919150; 951177; 985616; 1015449; 1049024; 1058415; 1110586; 1139101; 1168656; 1169829; 1214745; 1245735; 1253386; 1300029; 1309092; 1336945; 1364799)",integer(0),"c(""pT+_top1""; ""pTpos-Abpos_top1""; ""pTpos-both_top1""; ""pTpos-next_Abpos_top3""; ""pTpos-next_both_top1""; ""pTpos-next_pTpos_top1""; ""pTpos-none_top1""; ""noWM_top2"")"
"140",1,"pairwise","none-next_Abpos","AC092924.2",6.55263012123823,6.63926898524694e-08,0.00184923559046083,5749,"ENSG00000287706","c(27402; 55149; 78396; 103532; 127729; 139266; 176394; 207944; 247483; 276564; 304872; 334236; 361590; 386193; 415765; 444151; 473501; 500839; 520836; 549933; 584913; 609116; 631679; 668472; 691343; 724178; 746222; 752032; 794765; 810932; 837557; 864955; 891297; 919649; 950752; 976886; 1004206; 1030562; 1058930; 1094639; 1121248; 1141974; 1173477; 1206620; 1225533; 1258368; 1281239; 1314901; 1364797; 1364798)",integer(0),"c(""none_top1""; ""none-pTpos_top1""; ""none-Abpos_top1""; ""none-both_top1""; ""none-next_Abpos_top1""; ""none-next_both_top1""; ""none-next_pTpos_top1""; ""noWM_top1"")"
"141",1,"pairwise","none-next_both","AC092924.2",6.15194721174553,2.48833173691433e-07,0.00693075038682747,5749,"ENSG00000287706","c(27402; 55149; 78396; 103532; 127729; 139266; 176394; 207944; 247483; 276564; 304872; 334236; 361590; 386193; 415765; 444151; 473501; 500839; 520836; 549933; 584913; 609116; 631679; 668472; 691343; 724178; 746222; 752032; 794765; 810932; 837557; 864955; 891297; 919649; 950752; 976886; 1004206; 1030562; 1058930; 1094639; 1121248; 1141974; 1173477; 1206620; 1225533; 1258368; 1281239; 1314901; 1364797; 1364798)",integer(0),"c(""none_top1""; ""none-pTpos_top1""; ""none-Abpos_top1""; ""none-both_top1""; ""none-next_Abpos_top1""; ""none-next_both_top1""; ""none-next_pTpos_top1""; ""noWM_top1"")"
"142",1,"pairwise","pTpos-next_both","AL121932.2",5.8756139911684,6.19012880797384e-07,0.0172413657688495,8834,"ENSG00000287279","c(23453; 51425; 66492; 108010; 137681; 166858; 167119; 205690; 247075; 266770; 290630; 314065; 362089; 385768; 407035; 432908; 455039; 501354; 504889; 532080; 558231; 612764; 623554; 648270; 696325; 705388; 752031; 779884; 797019; 811340; 847351; 879197; 911468; 919150; 951177; 985616; 1015449; 1049024; 1058415; 1110586; 1139101; 1168656; 1169829; 1214745; 1245735; 1253386; 1300029; 1309092; 1336945; 1364799)",integer(0),"c(""pT+_top1""; ""pTpos-Abpos_top1""; ""pTpos-both_top1""; ""pTpos-next_Abpos_top3""; ""pTpos-next_both_top1""; ""pTpos-next_pTpos_top1""; ""pTpos-none_top1""; ""noWM_top2"")"
"143",2,"pairwise","pTpos-next_both","CHRDL2",5.2646268395914,4.59859517724873e-06,0.0445726362247314,15488,"ENSG00000054938","c(21750; 49598; 76854; 106313; 136480; 166488; 167120; 205804; 238537; 266356; 293484; 314715; 362088; 379072; 406901; 432845; 454984; 501353; 513655; 540651; 564814; 612766; 627977; 649061; 696324; 705167; 752030; 779883; 796905; 819878; 847765; 876343; 910818; 919151; 957873; 985750; 1015512; 1049079; 1058416; 1101820; 1130530; 1162073; 1169827; 1210332; 1244944; 1253387; 1300250; 1309093; 1336946; 1364800)",integer(0),"c(""pT+_top2""; ""pTpos-Abpos_top2""; ""pTpos-both_top2""; ""pTpos-next_Abpos_top1""; ""pTpos-next_both_top2""; ""pTpos-next_pTpos_top2""; ""pTpos-none_top2""; ""noWM_top3"")"
"144",3,"pairwise","pTpos-next_both","AL049840.4",5.25143117523694,4.80084402664683e-06,0.0445726362247314,18983,"ENSG00000269940","c(21736; 49585; 76844; 106300; 136466; 166485; 167121; 205806; 236819; 264257; 291359; 314038; 362087; 379071; 406899; 432843; 454983; 501352; 514121; 540412; 564733; 612765; 626676; 648841; 696323; 705239; 752029; 779882; 796903; 821596; 849864; 878468; 911495; 919152; 957874; 985752; 1015514; 1049080; 1058417; 1101354; 1130769; 1162154; 1169828; 1211623; 1245164; 1253388; 1300178; 1309094; 1336947; 1364801)",integer(0),"c(""pT+_top3""; ""pTpos-Abpos_top3""; ""pTpos-both_top3""; ""pTpos-next_Abpos_top2""; ""pTpos-next_both_top3""; ""pTpos-next_pTpos_top3""; ""pTpos-none_top3""; ""noWM_top4"")"
"145",1,"pairwise","none-next_pTpos","AC092924.2",5.78739019118704,8.27806377327435e-07,0.023056891027701,5749,"ENSG00000287706","c(27402; 55149; 78396; 103532; 127729; 139266; 176394; 207944; 247483; 276564; 304872; 334236; 361590; 386193; 415765; 444151; 473501; 500839; 520836; 549933; 584913; 609116; 631679; 668472; 691343; 724178; 746222; 752032; 794765; 810932; 837557; 864955; 891297; 919649; 950752; 976886; 1004206; 1030562; 1058930; 1094639; 1121248; 1141974; 1173477; 1206620; 1225533; 1258368; 1281239; 1314901; 1364797; 1364798)",integer(0),"c(""none_top1""; ""none-pTpos_top1""; ""none-Abpos_top1""; ""none-both_top1""; ""none-next_Abpos_top1""; ""none-next_both_top1""; ""none-next_pTpos_top1""; ""noWM_top1"")"
"146",1,"pairwise","pTpos-next_pTpos","AL121932.2",5.87561399116842,6.19012880797351e-07,0.0172413657688486,8834,"ENSG00000287279","c(23453; 51425; 66492; 108010; 137681; 166858; 167119; 205690; 247075; 266770; 290630; 314065; 362089; 385768; 407035; 432908; 455039; 501354; 504889; 532080; 558231; 612764; 623554; 648270; 696325; 705388; 752031; 779884; 797019; 811340; 847351; 879197; 911468; 919150; 951177; 985616; 1015449; 1049024; 1058415; 1110586; 1139101; 1168656; 1169829; 1214745; 1245735; 1253386; 1300029; 1309092; 1336945; 1364799)",integer(0),"c(""pT+_top1""; ""pTpos-Abpos_top1""; ""pTpos-both_top1""; ""pTpos-next_Abpos_top3""; ""pTpos-next_both_top1""; ""pTpos-next_pTpos_top1""; ""pTpos-none_top1""; ""noWM_top2"")"
"147",2,"pairwise","pTpos-next_pTpos","CHRDL2",5.2646268395914,4.59859517724871e-06,0.0445726362247303,15488,"ENSG00000054938","c(21750; 49598; 76854; 106313; 136480; 166488; 167120; 205804; 238537; 266356; 293484; 314715; 362088; 379072; 406901; 432845; 454984; 501353; 513655; 540651; 564814; 612766; 627977; 649061; 696324; 705167; 752030; 779883; 796905; 819878; 847765; 876343; 910818; 919151; 957873; 985750; 1015512; 1049079; 1058416; 1101820; 1130530; 1162073; 1169827; 1210332; 1244944; 1253387; 1300250; 1309093; 1336946; 1364800)",integer(0),"c(""pT+_top2""; ""pTpos-Abpos_top2""; ""pTpos-both_top2""; ""pTpos-next_Abpos_top1""; ""pTpos-next_both_top2""; ""pTpos-next_pTpos_top2""; ""pTpos-none_top2""; ""noWM_top3"")"
"148",3,"pairwise","pTpos-next_pTpos","AL049840.4",5.25143117523695,4.80084402664671e-06,0.0445726362247303,18983,"ENSG00000269940","c(21736; 49585; 76844; 106300; 136466; 166485; 167121; 205806; 236819; 264257; 291359; 314038; 362087; 379071; 406899; 432843; 454983; 501352; 514121; 540412; 564733; 612765; 626676; 648841; 696323; 705239; 752029; 779882; 796903; 821596; 849864; 878468; 911495; 919152; 957874; 985752; 1015514; 1049080; 1058417; 1101354; 1130769; 1162154; 1169828; 1211623; 1245164; 1253388; 1300178; 1309094; 1336947; 1364801)",integer(0),"c(""pT+_top3""; ""pTpos-Abpos_top3""; ""pTpos-both_top3""; ""pTpos-next_Abpos_top2""; ""pTpos-next_both_top3""; ""pTpos-next_pTpos_top3""; ""pTpos-none_top3""; ""noWM_top4"")"
"149",1,"pairwise","pTpos-none","AL121932.2",5.87561399116843,6.1901288079732e-07,0.0172413657688478,8834,"ENSG00000287279","c(23453; 51425; 66492; 108010; 137681; 166858; 167119; 205690; 247075; 266770; 290630; 314065; 362089; 385768; 407035; 432908; 455039; 501354; 504889; 532080; 558231; 612764; 623554; 648270; 696325; 705388; 752031; 779884; 797019; 811340; 847351; 879197; 911468; 919150; 951177; 985616; 1015449; 1049024; 1058415; 1110586; 1139101; 1168656; 1169829; 1214745; 1245735; 1253386; 1300029; 1309092; 1336945; 1364799)",integer(0),"c(""pT+_top1""; ""pTpos-Abpos_top1""; ""pTpos-both_top1""; ""pTpos-next_Abpos_top3""; ""pTpos-next_both_top1""; ""pTpos-next_pTpos_top1""; ""pTpos-none_top1""; ""noWM_top2"")"
"150",2,"pairwise","pTpos-none","CHRDL2",5.26462683959142,4.59859517724843e-06,0.0445726362247276,15488,"ENSG00000054938","c(21750; 49598; 76854; 106313; 136480; 166488; 167120; 205804; 238537; 266356; 293484; 314715; 362088; 379072; 406901; 432845; 454984; 501353; 513655; 540651; 564814; 612766; 627977; 649061; 696324; 705167; 752030; 779883; 796905; 819878; 847765; 876343; 910818; 919151; 957873; 985750; 1015512; 1049079; 1058416; 1101820; 1130530; 1162073; 1169827; 1210332; 1244944; 1253387; 1300250; 1309093; 1336946; 1364800)",integer(0),"c(""pT+_top2""; ""pTpos-Abpos_top2""; ""pTpos-both_top2""; ""pTpos-next_Abpos_top1""; ""pTpos-next_both_top2""; ""pTpos-next_pTpos_top2""; ""pTpos-none_top2""; ""noWM_top3"")"
"151",3,"pairwise","pTpos-none","AL049840.4",5.25143117523697,4.80084402664643e-06,0.0445726362247276,18983,"ENSG00000269940","c(21736; 49585; 76844; 106300; 136466; 166485; 167121; 205806; 236819; 264257; 291359; 314038; 362087; 379071; 406899; 432843; 454983; 501352; 514121; 540412; 564733; 612765; 626676; 648841; 696323; 705239; 752029; 779882; 796903; 821596; 849864; 878468; 911495; 919152; 957874; 985752; 1015514; 1049080; 1058417; 1101354; 1130769; 1162154; 1169828; 1211623; 1245164; 1253388; 1300178; 1309094; 1336947; 1364801)",integer(0),"c(""pT+_top3""; ""pTpos-Abpos_top3""; ""pTpos-both_top3""; ""pTpos-next_Abpos_top2""; ""pTpos-next_both_top3""; ""pTpos-next_pTpos_top3""; ""pTpos-none_top3""; ""noWM_top4"")"
"152",1,"anova","noWM","AC092924.2",13.3472332957361,2.27299449766036e-08,0.00063309715743334,5749,"ENSG00000287706","c(27402; 55149; 78396; 103532; 127729; 139266; 176394; 207944; 247483; 276564; 304872; 334236; 361590; 386193; 415765; 444151; 473501; 500839; 520836; 549933; 584913; 609116; 631679; 668472; 691343; 724178; 746222; 752032; 794765; 810932; 837557; 864955; 891297; 919649; 950752; 976886; 1004206; 1030562; 1058930; 1094639; 1121248; 1141974; 1173477; 1206620; 1225533; 1258368; 1281239; 1314901; 1364797; 1364798)",integer(0),"c(""none_top1""; ""none-pTpos_top1""; ""none-Abpos_top1""; ""none-both_top1""; ""none-next_Abpos_top1""; ""none-next_both_top1""; ""none-next_pTpos_top1""; ""noWM_top1"")"
"153",2,"anova","noWM","AL121932.2",9.59879604562126,1.26461449163211e-06,0.0176116537177146,8834,"ENSG00000287279","c(23453; 51425; 66492; 108010; 137681; 166858; 167119; 205690; 247075; 266770; 290630; 314065; 362089; 385768; 407035; 432908; 455039; 501354; 504889; 532080; 558231; 612764; 623554; 648270; 696325; 705388; 752031; 779884; 797019; 811340; 847351; 879197; 911468; 919150; 951177; 985616; 1015449; 1049024; 1058415; 1110586; 1139101; 1168656; 1169829; 1214745; 1245735; 1253386; 1300029; 1309092; 1336945; 1364799)",integer(0),"c(""pT+_top1""; ""pTpos-Abpos_top1""; ""pTpos-both_top1""; ""pTpos-next_Abpos_top3""; ""pTpos-next_both_top1""; ""pTpos-next_pTpos_top1""; ""pTpos-none_top1""; ""noWM_top2"")"
