"","top","model_type","test","gene","stat","pval","fdr","gene_index","logFC","ensembl","results"
"1",1,"enrichment","none","TIMP1",5.57808288155252,2.93170291309328e-06,0.0260452486799207,8634,1.01542826269048,"ENSG00000102265","c(""none_top1""; ""none-Ab_env_top10""; ""none-pTau_top5""; ""none-n_pTau_top1""; ""none-n_both_top8"")"
"2",8883,"enrichment","none","UBE2V2",-5.06898865348505,1.35736477242774e-05,0.040196095460827,3715,-0.45320008212076,"ENSG00000169139","c(""Ab_env-none_top5""; ""pTau-none_top4""; ""n_pTau-none_top10""; ""both-none_top7""; ""n_both-none_top5"")"
"3",8884,"enrichment","none","CRNKL1",-5.19876719754615,9.1898476862449e-06,0.040196095460827,8059,-1.02559052949188,"ENSG00000101343","c(""Ab_env-none_top4""; ""pTau-none_top5""; ""n_pTau-none_top3""; ""both-none_top20""; ""n_both-none_top2"")"
"4",1,"enrichment","Ab_env","PRRC2A",4.86467873827206,2.4916433597791e-05,0.0151038303590686,2834,0.568289466973364,"ENSG00000204469","c(""Ab_env_top1""; ""Ab_env-n_pTau_top3""; ""Ab_env-n_both_top8""; ""Ab_env-none_top11"")"
"5",2,"enrichment","Ab_env","SUSD6",4.84061231063545,2.67768169793729e-05,0.0151038303590686,5947,0.918467077259155,"ENSG00000100647","c(""Ab_env_top2""; ""Ab_env-pTau_top5""; ""Ab_env-n_pTau_top4""; ""Ab_env-both_top8""; ""Ab_env-n_both_top19"")"
"6",3,"enrichment","Ab_env","CTSA",4.55457334838248,6.27746265783418e-05,0.0174278057038121,8161,0.52883656039022,"ENSG00000064601","c(""Ab_env_top3""; ""Ab_env-n_pTau_top19""; ""Ab_env-both_top13""; ""Ab_env-n_both_top20"")"
"7",4,"enrichment","Ab_env","ZNF385A",4.37580306213837,0.00010643822959337,0.019796184756451,5333,0.573036849231228,"ENSG00000161642","c(""Ab_env_top4""; ""Ab_env-n_pTau_top7""; ""Ab_env-none_top8"")"
"8",5,"enrichment","Ab_env","DUSP14",4.34988481369763,0.000114866524852049,0.019796184756451,6984,0.794625686677271,"ENSG00000276023","c(""Ab_env_top5""; ""Ab_env-n_pTau_top5"")"
"9",6,"enrichment","Ab_env","MT1F",3.84189437023393,0.000500131309481906,0.0304957032479869,6634,0.429892915364822,"ENSG00000198417","c(""Ab_env_top6""; ""Ab_env-pTau_top10""; ""Ab_env-n_pTau_top2"")"
"10",7,"enrichment","Ab_env","TNFRSF1A",3.66796874329742,0.000817659501950654,0.0384343228324318,5161,0.795897696078182,"ENSG00000067182","c(""Ab_env_top7""; ""Ab_env-pTau_top8""; ""Ab_env-n_pTau_top11""; ""Ab_env-n_both_top13"")"
"11",8,"enrichment","Ab_env","RIOK3",3.56934295559797,0.0010769180937798,0.0422482766543159,7343,0.485379191216537,"ENSG00000101782","Ab_env_top8"
"12",9,"enrichment","Ab_env","CYP1B1",3.48296034477618,0.00136775360601134,0.0468586198019891,992,1.12537258059555,"ENSG00000138061","c(""Ab_env_top9""; ""Ab_env-pTau_top16"")"
"13",10,"enrichment","Ab_env","PUS7L",3.44101088513071,0.00153495622016772,0.049768434525438,5267,0.660121841602964,"ENSG00000129317","c(""Ab_env_top10""; ""Ab_env-n_pTau_top20"")"
"14",8620,"enrichment","Ab_env","RTL10",-3.43869039620592,0.0015447569901024,0.0499040767275261,8353,-1.47752427212057,"ENSG00000215012","character(0)"
"15",8621,"enrichment","Ab_env","TXNL1",-3.44257231511419,0.0015283950539212,0.0497372221942709,7399,-0.447907195052438,"ENSG00000091164","character(0)"
"16",8622,"enrichment","Ab_env","WASHC3",-3.44705516259391,0.0015097074366326,0.0493097090700147,5467,-1.42871400194892,"ENSG00000120860","character(0)"
"17",8623,"enrichment","Ab_env","SMIM17",-3.44987185269022,0.00149807806501361,0.0491104263084168,7970,-1.3723959106423,"ENSG00000268182","character(0)"
"18",8624,"enrichment","Ab_env","KSR1",-3.4503218603446,0.00149622809697895,0.0491104263084168,6929,-1.35112338375088,"ENSG00000141068","character(0)"
"19",8625,"enrichment","Ab_env","NAB1",-3.45180035190347,0.00149016550826483,0.0491104263084168,1334,-1.10906180251479,"ENSG00000138386","character(0)"
"20",8626,"enrichment","Ab_env","BCAP31",-3.45645801274904,0.00147122064098653,0.0487698663228519,8835,-0.279007354678579,"ENSG00000185825","character(0)"
"21",8627,"enrichment","Ab_env","WASL",-3.46531494895533,0.00143583226000783,0.047775032950972,3504,-0.55115126553218,"ENSG00000106299","character(0)"
"22",8628,"enrichment","Ab_env","KCNJ9",-3.46536905002273,0.00143561863241924,0.047775032950972,619,-1.77270876237318,"ENSG00000162728","character(0)"
"23",8629,"enrichment","Ab_env","MRPL15",-3.46580091565946,0.00143391443043893,0.047775032950972,3725,-0.563320169652957,"ENSG00000137547","c(""both_top11""; ""n_pTau-none_top16""; ""both-none_top5""; ""both-Ab_env_top2""; ""n_both-Ab_env_top19""; ""noWM_top12"")"
"24",8630,"enrichment","Ab_env","ABCF1",-3.46644200933963,0.00143138817266452,0.047775032950972,2818,-1.26926027881454,"ENSG00000204574","character(0)"
"25",8631,"enrichment","Ab_env","KCTD21",-3.47783731077524,0.00138719236919441,0.0468586198019891,5002,-1.56999623320308,"ENSG00000188997","character(0)"
"26",8632,"enrichment","Ab_env","MYL12B",-3.47784234666032,0.00138717313123149,0.0468586198019891,7308,-0.35500745582783,"ENSG00000118680","character(0)"
"27",8633,"enrichment","Ab_env","TTC37",-3.47916216063369,0.00138214004991387,0.0468586198019891,2485,-1.32561848127565,"ENSG00000198677","character(0)"
"28",8634,"enrichment","Ab_env","CCDC113",-3.48049880469269,0.00137706069698324,0.0468586198019891,6653,-1.36749236173199,"ENSG00000103021","character(0)"
"29",8635,"enrichment","Ab_env","TAB1",-3.48086367680167,0.00137567727768353,0.0468586198019891,8487,-1.29307270483845,"ENSG00000100324","character(0)"
"30",8636,"enrichment","Ab_env","CNOT11",-3.482552324288,0.00136929213662987,0.0468586198019891,1177,-1.32135495965804,"ENSG00000158435","character(0)"
"31",8637,"enrichment","Ab_env","TMEM205",-3.4825593188165,0.0013692657482048,0.0468586198019891,7602,-0.561756632500178,"ENSG00000105518","character(0)"
"32",8638,"enrichment","Ab_env","NCALD",-3.48743107906037,0.00135100432510008,0.0468586198019891,3822,-0.322015231260387,"ENSG00000104490","pTau-Ab_env_top13"
"33",8639,"enrichment","Ab_env","KHSRP",-3.49013143280193,0.00134098345317502,0.0468586198019891,7542,-0.547846858062088,"ENSG00000088247","character(0)"
"34",8640,"enrichment","Ab_env","EIF4A3",-3.49298482166594,0.00133047242323957,0.0467190395575507,7253,-0.748656206054755,"ENSG00000141543","character(0)"
"35",8641,"enrichment","Ab_env","ZMYM6",-3.49352578075126,0.00132848865466852,0.0467190395575507,222,-1.73517085197387,"ENSG00000163867","character(0)"
"36",8642,"enrichment","Ab_env","RAB8A",-3.49538675906013,0.0013216859230584,0.0467190395575507,7650,-1.17722759109547,"ENSG00000167461","character(0)"
"37",8643,"enrichment","Ab_env","TTBK2",-3.49929593295266,0.0013075051312474,0.0464635023440076,6162,-1.44379452581749,"ENSG00000128881","character(0)"
"38",8644,"enrichment","Ab_env","YLPM1",-3.50205700677028,0.00129757754083973,0.0462958990876311,5977,-0.59369893031774,"ENSG00000119596","character(0)"
"39",8645,"enrichment","Ab_env","RBM4B",-3.50403726889005,0.00129050213666431,0.0462291168634103,4931,-1.65413241007005,"ENSG00000173914","character(0)"
"40",8646,"enrichment","Ab_env","ARSA",-3.50505295361585,0.00128688756067525,0.0462291168634103,8562,-1.26515708928764,"ENSG00000100299","character(0)"
"41",8647,"enrichment","Ab_env","ENTPD4",-3.50713185990727,0.00127951961113333,0.0462083423793029,3656,-1.60371659257933,"ENSG00000197217","character(0)"
"42",8648,"enrichment","Ab_env","METTL5",-3.51155246629677,0.00126398713197519,0.0458337211447655,1285,-0.792238141563079,"ENSG00000138382","character(0)"
"43",8649,"enrichment","Ab_env","UBR3",-3.51155705745123,0.00126397109504782,0.0458337211447655,1286,-0.517377385827282,"ENSG00000144357","character(0)"
"44",8650,"enrichment","Ab_env","OPA1",-3.51964810553424,0.00123601145229307,0.045188171778484,1974,-0.603911029004235,"ENSG00000198836","character(0)"
"45",8651,"enrichment","Ab_env","IMMP1L",-3.52207865518723,0.00122772941210977,0.0450708599057155,4734,-1.74913507769366,"ENSG00000148950","character(0)"
"46",8652,"enrichment","Ab_env","PPP4R2",-3.52317893629008,0.00122399783543379,0.0450708599057155,1735,-1.70979215316366,"ENSG00000163605","character(0)"
"47",8653,"enrichment","Ab_env","RAPGEFL1",-3.52388758703584,0.00122160025198729,0.0450708599057155,7018,-1.2299637183799,"ENSG00000108352","character(0)"
"48",8654,"enrichment","Ab_env","TPST1",-3.52522831400261,0.00121707653425189,0.0450708599057155,3335,-1.33023263651699,"ENSG00000169902","character(0)"
"49",8655,"enrichment","Ab_env","RNF121",-3.52567180714008,0.00121558370974569,0.0450708599057155,4962,-1.545895007797,"ENSG00000137522","character(0)"
"50",8656,"enrichment","Ab_env","MLLT11",-3.5277424113923,0.00120863725002206,0.0450708599057155,529,-0.27796081957608,"ENSG00000213190","character(0)"
"51",8657,"enrichment","Ab_env","ENDOV",-3.52944713201173,0.00120294698242625,0.0450708599057155,7256,-1.37922047841784,"ENSG00000173818","character(0)"
"52",8658,"enrichment","Ab_env","DPYSL5",-3.5312384063693,0.00119699562336911,0.0450708599057155,942,-1.47484319993635,"ENSG00000157851","character(0)"
"53",8659,"enrichment","Ab_env","SLC29A4",-3.53453308156122,0.00118612335640558,0.045032136317552,3198,-1.72600035210866,"ENSG00000164638","character(0)"
"54",8660,"enrichment","Ab_env","AC093297.2",-3.53884651861224,0.00117203303479906,0.0446881608633257,2391,-1.37783341824774,"ENSG00000272335","character(0)"
"55",8661,"enrichment","Ab_env","SMIM29",-3.55175840425582,0.00113081281655873,0.0433023321651195,2877,-0.554222590800216,"ENSG00000186577","character(0)"
"56",8662,"enrichment","Ab_env","RUNX1T1",-3.55868120345918,0.00110929170970706,0.0426621106018941,3795,-1.66034458096746,"ENSG00000079102","character(0)"
"57",8663,"enrichment","Ab_env","CLOCK",-3.56184343113802,0.00109959316419651,0.0424729811770513,2118,-1.61357526653379,"ENSG00000134852","character(0)"
"58",8664,"enrichment","Ab_env","MZF1",-3.56366699349661,0.00109403754495573,0.0424429237964486,7986,-1.17042603259732,"ENSG00000099326","character(0)"
"59",8665,"enrichment","Ab_env","SLC6A7",-3.56689661647245,0.00108426464173616,0.0422482766543159,2630,-1.26889668998283,"ENSG00000011083","character(0)"
"60",8666,"enrichment","Ab_env","RBIS",-3.56706934752438,0.00108374433411723,0.0422482766543159,3781,-0.607032685227539,"ENSG00000176731","character(0)"
"61",8667,"enrichment","Ab_env","FAM222B",-3.57008604665916,0.00107469606033512,0.0422482766543159,6945,-1.3115890298274,"ENSG00000173065","character(0)"
"62",8668,"enrichment","Ab_env","PTRH2",-3.57712940252632,0.00105385316380392,0.0417965692287234,7156,-1.47900379217843,"ENSG00000141378","character(0)"
"63",8669,"enrichment","Ab_env","ZMYND8",-3.58150737774511,0.00104109494455148,0.0414757286430284,8170,-0.6817049648497,"ENSG00000101040","character(0)"
"64",8670,"enrichment","Ab_env","ZNF771",-3.58408849034497,0.0010336431123311,0.0413643486934663,6581,-0.532363106996714,"ENSG00000179965","character(0)"
"65",8671,"enrichment","Ab_env","PPP1R11",-3.58478163968912,0.00103165073435983,0.0413643486934663,2812,-0.570560050822248,"ENSG00000204619","character(0)"
"66",8672,"enrichment","Ab_env","LIMK1",-3.58752986867596,0.0010237876969746,0.0413424086360107,3352,-1.46297955650288,"ENSG00000106683","character(0)"
"67",8673,"enrichment","Ab_env","TRAPPC8",-3.58972514534249,0.00101754832941102,0.0412780792624999,7354,-1.35295440072222,"ENSG00000153339","character(0)"
"68",8674,"enrichment","Ab_env","FOXRED1",-3.59577574934738,0.0010005409088422,0.0407743368539181,5126,-1.18150849805151,"ENSG00000110074","character(0)"
"69",8675,"enrichment","Ab_env","GNPDA1",-3.59799131116453,0.000994382199490514,0.0407100988952706,2610,-1.65175549043531,"ENSG00000113552","character(0)"
"70",8676,"enrichment","Ab_env","ATG5",-3.60082670810534,0.000986553897463036,0.0405765964123223,3035,-1.15485796110543,"ENSG00000057663","character(0)"
"71",8677,"enrichment","Ab_env","GDF11",-3.60101544901981,0.000986034917536483,0.0405765964123223,5340,-1.78621152519985,"ENSG00000135414","character(0)"
"72",8678,"enrichment","Ab_env","SECISBP2",-3.60260235490856,0.000981681827823735,0.0405765964123223,4046,-1.24988979860064,"ENSG00000187742","character(0)"
"73",8679,"enrichment","Ab_env","PLPP7",-3.60335440636782,0.000979625341632604,0.0405765964123223,4203,-1.41290467674875,"ENSG00000160539","character(0)"
"74",8680,"enrichment","Ab_env","SIRT5",-3.60827130673658,0.000966282257372363,0.0404926961061136,2772,-1.42973702480015,"ENSG00000124523","character(0)"
"75",8681,"enrichment","Ab_env","AC108673.3",-3.60842082782628,0.000965879262650908,0.0404926961061136,1819,-1.73968607887332,"ENSG00000273437","character(0)"
"76",8682,"enrichment","Ab_env","CYB5D2",-3.60927472619036,0.000963580914278931,0.0404926961061136,6817,-1.60376656618013,"ENSG00000167740","character(0)"
"77",8683,"enrichment","Ab_env","S1PR1",-3.61066228420781,0.000959857435481981,0.0404926961061136,433,-1.64158599463065,"ENSG00000170989","character(0)"
"78",8684,"enrichment","Ab_env","CISD3",-3.61444131726675,0.000949786846213494,0.0404926961061136,6993,-0.543299675953437,"ENSG00000277972","character(0)"
"79",8685,"enrichment","Ab_env","YEATS4",-3.62214333209998,0.000929577212344427,0.0398954780409077,5405,-1.10884709080291,"ENSG00000127337","character(0)"
"80",8686,"enrichment","Ab_env","LRRC7",-3.62305421370221,0.000927214776840129,0.0398954780409077,359,-0.577922642610419,"ENSG00000033122","c(""n_pTau_top8""; ""n_pTau-Ab_env_top15"")"
"81",8687,"enrichment","Ab_env","PDGFA",-3.62448930291892,0.000923504541503464,0.0398954780409077,3175,-1.54892204837552,"ENSG00000197461","character(0)"
"82",8688,"enrichment","Ab_env","EXTL2",-3.62712134838538,0.000916736995769675,0.0398954780409077,432,-1.69990854928731,"ENSG00000162694","character(0)"
"83",8689,"enrichment","Ab_env","MTMR12",-3.62721906223785,0.000916486677961162,0.0398954780409077,2358,-1.20816680060671,"ENSG00000150712","character(0)"
"84",8690,"enrichment","Ab_env","TXN",-3.62947224911201,0.000910732885880771,0.0398954780409077,4096,-0.40423358837572,"ENSG00000136810","character(0)"
"85",8691,"enrichment","Ab_env","LINC01011",-3.63088298871558,0.000907148181419662,0.0398954780409077,2742,-1.6199011266538,"ENSG00000244041","character(0)"
"86",8692,"enrichment","Ab_env","EXOSC7",-3.63346619224272,0.000900619560734804,0.0398954780409077,1612,-1.48980268036662,"ENSG00000075914","character(0)"
"87",8693,"enrichment","Ab_env","SNX19",-3.63487521422257,0.000897077661975081,0.0398954780409077,5134,-1.15824937882159,"ENSG00000120451","character(0)"
"88",8694,"enrichment","Ab_env","TRIM27",-3.63523587571247,0.000896173224092534,0.0398954780409077,2808,-1.27222217096606,"ENSG00000204713","character(0)"
"89",8695,"enrichment","Ab_env","GALNT15",-3.63866609517038,0.000887615151992719,0.0398954780409077,1541,-1.39162254014782,"ENSG00000131386","character(0)"
"90",8696,"enrichment","Ab_env","KLHL12",-3.64261669916604,0.000877856681925127,0.039790197766443,740,-1.64699125789159,"ENSG00000117153","character(0)"
"91",8697,"enrichment","Ab_env","TTC33",-3.64516038754135,0.000871628462212085,0.0397104987604726,2377,-1.69951024779559,"ENSG00000113638","character(0)"
"92",8698,"enrichment","Ab_env","UTP25",-3.64845024421942,0.000863636607869908,0.0395492145583313,773,-1.64413352663035,"ENSG00000117597","n_both-Ab_env_top17"
"93",8699,"enrichment","Ab_env","ERCC3",-3.64977189662209,0.000860445993194591,0.0395492145583313,1216,-1.9143873008415,"ENSG00000163161","character(0)"
"94",8700,"enrichment","Ab_env","CERT1",-3.65253266946582,0.0008538179281664,0.0395068670511995,2447,-0.736250184202014,"ENSG00000113163","character(0)"
"95",8701,"enrichment","Ab_env","DDX56",-3.66124607045379,0.000833221172449883,0.0387556905552082,3303,-1.68232484783193,"ENSG00000136271","character(0)"
"96",8702,"enrichment","Ab_env","MCM6",-3.66196703117177,0.000831538666522528,0.0387556905552082,1241,-1.83699915180982,"ENSG00000076003","character(0)"
"97",8703,"enrichment","Ab_env","SMOC1",-3.67105969686195,0.000810599304455437,0.0383051288339474,5949,-1.21614032922163,"ENSG00000198732","character(0)"
"98",8704,"enrichment","Ab_env","UBR1",-3.67281279370973,0.000806621233411136,0.0383051288339474,6163,-1.54164519074695,"ENSG00000159459","character(0)"
"99",8705,"enrichment","Ab_env","SEMA3E",-3.67605916642255,0.000799304512078346,0.0381775337919571,3378,-1.55804208002394,"ENSG00000170381","c(""none-Ab_env_top16""; ""n_pTau-Ab_env_top18"")"
"100",8706,"enrichment","Ab_env","SRF",-3.68343338445482,0.000782922351591323,0.0375972009272287,2926,-1.46815188713447,"ENSG00000112658","character(0)"
"101",8707,"enrichment","Ab_env","UBA6",-3.68443908866064,0.000780713483356875,0.0375972009272287,2129,-1.40536487494593,"ENSG00000033178","character(0)"
"102",8708,"enrichment","Ab_env","SPATS2",-3.68658148320203,0.000776028158733475,0.0375972009272287,5292,-1.17616829089314,"ENSG00000123352","character(0)"
"103",8709,"enrichment","Ab_env","SPNS1",-3.68867286910296,0.00077148065889883,0.0375972009272287,6553,-1.72934718346893,"ENSG00000169682","character(0)"
"104",8710,"enrichment","Ab_env","MMUT",-3.69067913013704,0.000767142513883663,0.0375972009272287,2952,-0.560396395065015,"ENSG00000146085","character(0)"
"105",8711,"enrichment","Ab_env","FBXO9",-3.69546908593986,0.000756880502581522,0.0373562576940791,2958,-0.39010333722172,"ENSG00000112146","character(0)"
"106",8712,"enrichment","Ab_env","EEF1A2",-3.69630402115984,0.000755105397225349,0.0373562576940791,8232,-0.276329055528917,"ENSG00000101210","character(0)"
"107",8713,"enrichment","Ab_env","ELOVL6",-3.69954775157392,0.000748247287840462,0.0373451062088464,2213,-1.6946501730465,"ENSG00000170522","character(0)"
"108",8714,"enrichment","Ab_env","LRRC75A",-3.70103337021461,0.00074512647807632,0.0373451062088464,6894,-1.45941493260667,"ENSG00000181350","character(0)"
"109",8715,"enrichment","Ab_env","ZNF436-AS1",-3.70216114680772,0.000742765803712387,0.0373451062088464,135,-1.36330545764508,"ENSG00000249087","character(0)"
"110",8716,"enrichment","Ab_env","MTMR7",-3.7037919056742,0.000739365091007307,0.0373451062088464,3628,-1.56811062346623,"ENSG00000003987","character(0)"
"111",8717,"enrichment","Ab_env","UBA3",-3.71293535453741,0.000720575380984951,0.03679075680845,1728,-1.688616356434,"ENSG00000144744","character(0)"
"112",8718,"enrichment","Ab_env","SEMA4A",-3.71557011837999,0.000715247406819407,0.0367298148103099,596,-1.87502693591509,"ENSG00000196189","character(0)"
"113",8719,"enrichment","Ab_env","NUS1",-3.71589016789499,0.000714602814768179,0.0367298148103099,3066,-1.63897344962857,"ENSG00000153989","character(0)"
"114",8720,"enrichment","Ab_env","RGS6",-3.72156817629323,0.000703260254494385,0.0365366321691703,5957,-1.50416769374803,"ENSG00000182732","character(0)"
"115",8721,"enrichment","Ab_env","OBI1",-3.72310441969147,0.000700221528524153,0.0365366321691703,5721,-1.4821796908593,"ENSG00000152193","character(0)"
"116",8722,"enrichment","Ab_env","LUZP2",-3.72440579570015,0.00069765733748477,0.0365366321691703,4727,-1.48621064633784,"ENSG00000187398","character(0)"
"117",8723,"enrichment","Ab_env","NDUFAF6",-3.72742080778268,0.000691751578303258,0.0365366321691703,3801,-1.48992923984004,"ENSG00000156170","character(0)"
"118",8724,"enrichment","Ab_env","RASL10A",-3.72765031177638,0.000691304019966701,0.0365366321691703,8414,-1.79140723367304,"ENSG00000100276","character(0)"
"119",8725,"enrichment","Ab_env","SHC3",-3.73257796203587,0.000681762003725991,0.0364865881994078,4045,-0.622063452157598,"ENSG00000148082","character(0)"
"120",8726,"enrichment","Ab_env","PTRHD1",-3.73280766850526,0.000681320324403752,0.0364865881994078,928,-1.29022040862163,"ENSG00000184924","character(0)"
"121",8727,"enrichment","Ab_env","NAA25",-3.7423866463586,0.000663146914116149,0.0359231535671211,5517,-1.39723887316973,"ENSG00000111300","character(0)"
"122",8728,"enrichment","Ab_env","SOS2",-3.75086278809718,0.000647458618371872,0.0352884807706485,5869,-1.50575320325132,"ENSG00000100485","character(0)"
"123",8729,"enrichment","Ab_env","TRIM41",-3.75267654033652,0.000644148660694588,0.0352884807706485,2735,-1.65143564254691,"ENSG00000146063","character(0)"
"124",8730,"enrichment","Ab_env","GPR137C",-3.75280918080793,0.000643907247338471,0.0352884807706485,5880,-1.52377540165704,"ENSG00000180998","character(0)"
"125",8731,"enrichment","Ab_env","IL34",-3.76469569392972,0.000622625876976096,0.0345713018190977,6707,-1.53798417968724,"ENSG00000157368","character(0)"
"126",8732,"enrichment","Ab_env","CPSF3",-3.77376591459923,0.000606847510539118,0.033907127569997,897,-1.50707202637923,"ENSG00000119203","character(0)"
"127",8733,"enrichment","Ab_env","GANAB",-3.77908136286604,0.000597781991302637,0.0336119950046369,4832,-0.569073198912899,"ENSG00000089597","character(0)"
"128",8734,"enrichment","Ab_env","CLCC1",-3.77954054426917,0.000597005054658027,0.0336119950046369,442,-1.57302321331304,"ENSG00000121940","character(0)"
"129",8735,"enrichment","Ab_env","SMAD3",-3.77978429462771,0.000596593026599143,0.0336119950046369,6253,-1.66230419040983,"ENSG00000166949","character(0)"
"130",8736,"enrichment","Ab_env","NCLN",-3.78837350583418,0.00058224908855671,0.033372263888631,7498,-1.39528341990484,"ENSG00000125912","character(0)"
"131",8737,"enrichment","Ab_env","OPRK1",-3.78912656690237,0.000581007571801406,0.033372263888631,3720,-1.58258940489593,"ENSG00000082556","character(0)"
"132",8738,"enrichment","Ab_env","MFSD10",-3.78980634963579,0.000579889071870173,0.033372263888631,2026,-1.5646525642471,"ENSG00000109736","character(0)"
"133",8739,"enrichment","Ab_env","BRK1",-3.80399204438345,0.000557019789141204,0.032556340833753,1514,-0.424243176524685,"ENSG00000254999","character(0)"
"134",8740,"enrichment","Ab_env","STX7",-3.80500205568118,0.000555425355449144,0.032556340833753,3094,-0.436429953209291,"ENSG00000079950","character(0)"
"135",8741,"enrichment","Ab_env","PRPF31",-3.80542380968446,0.000554760875351933,0.032556340833753,7942,-1.3535912416964,"ENSG00000105618","character(0)"
"136",8742,"enrichment","Ab_env","MTMR9",-3.80847872428343,0.000549970815841308,0.032556340833753,3616,-1.74044310431264,"ENSG00000104643","character(0)"
"137",8743,"enrichment","Ab_env","BRSK1",-3.81547530448201,0.000539151221277733,0.0323636449312931,7954,-0.651998100543873,"ENSG00000160469","character(0)"
"138",8744,"enrichment","Ab_env","LINC00882",-3.82533208266107,0.000524258901205197,0.0316837828456256,1760,-1.71231303576428,"ENSG00000242759","character(0)"
"139",8745,"enrichment","Ab_env","TBK1",-3.84116721670029,0.000501167568010591,0.0304957032479869,5392,-1.48334068602968,"ENSG00000183735","character(0)"
"140",8746,"enrichment","Ab_env","GRM2",-3.84885141088202,0.00049032167701768,0.0302501234626741,1676,-1.60628006995779,"ENSG00000164082","character(0)"
"141",8747,"enrichment","Ab_env","PHC1",-3.85325499281959,0.000484209494182988,0.0300819380861655,5192,-1.45101361221023,"ENSG00000111752","character(0)"
"142",8748,"enrichment","Ab_env","NINJ1",-3.8560845757074,0.000480321210942071,0.0300505185775307,4057,-1.41065766250118,"ENSG00000131669","character(0)"
"143",8749,"enrichment","Ab_env","CRAT",-3.86090924420574,0.00047376132120685,0.0298503232454018,4186,-1.70312649270037,"ENSG00000095321","character(0)"
"144",8750,"enrichment","Ab_env","LONRF1",-3.86323753438731,0.000470626913453674,0.0298503232454018,3621,-1.68201005566664,"ENSG00000154359","character(0)"
"145",8751,"enrichment","Ab_env","CGREF1",-3.8638018906942,0.000469870205372374,0.0298503232454018,947,-0.692732080519857,"ENSG00000138028","c(""pTau-Ab_env_top5""; ""both-Ab_env_top18"")"
"146",8752,"enrichment","Ab_env","FAM229B",-3.86519740921363,0.000468004126855228,0.0298503232454018,3057,-0.701140850003608,"ENSG00000203778","character(0)"
"147",8753,"enrichment","Ab_env","NFRKB",-3.86695058040322,0.000465670016784989,0.0298503232454018,5130,-1.40456027725888,"ENSG00000170322","character(0)"
"148",8754,"enrichment","Ab_env","ATAD2B",-3.86838614393071,0.00046376719817127,0.0298503232454018,921,-1.5492368236041,"ENSG00000119778","character(0)"
"149",8755,"enrichment","Ab_env","FAM13B",-3.86882098062113,0.000463192323144553,0.0298503232454018,2572,-1.52045009727142,"ENSG00000031003","character(0)"
"150",8756,"enrichment","Ab_env","CHTOP",-3.86968629153058,0.000462050403003024,0.0298503232454018,550,-1.34811193209241,"ENSG00000160679","character(0)"
"151",8757,"enrichment","Ab_env","C6orf226",-3.87865529175933,0.000450374563893645,0.0298503232454018,2917,-1.57910420032077,"ENSG00000221821","character(0)"
"152",8758,"enrichment","Ab_env","NEK6",-3.88400272562047,0.000443550481728581,0.0298503232454018,4137,-1.52762182086762,"ENSG00000119408","character(0)"
"153",8759,"enrichment","Ab_env","ATAD3A",-3.88605502257648,0.000440958282190412,0.0298503232454018,18,-1.45726585596689,"ENSG00000197785","character(0)"
"154",8760,"enrichment","Ab_env","XPR1",-3.88631755410385,0.00044062775187299,0.0298503232454018,695,-1.67008003358795,"ENSG00000143324","character(0)"
"155",8761,"enrichment","Ab_env","AMN1",-3.887103347409,0.000439639869723148,0.0298503232454018,5255,-1.79047224274069,"ENSG00000151743","character(0)"
"156",8762,"enrichment","Ab_env","STT3A",-3.88940543560313,0.000436758132330848,0.0298503232454018,5122,-1.52516087212375,"ENSG00000134910","character(0)"
"157",8763,"enrichment","Ab_env","ABCF3",-3.89624874159867,0.000428299917032576,0.0298503232454018,1946,-1.77583753683563,"ENSG00000161204","character(0)"
"158",8764,"enrichment","Ab_env","GPATCH2",-3.8987962405047,0.000425192173619421,0.0298503232454018,788,-1.88174659781191,"ENSG00000092978","character(0)"
"159",8765,"enrichment","Ab_env","SH3YL1",-3.9048733929786,0.000417866965325595,0.0296986409596207,881,-1.81857730939476,"ENSG00000035115","character(0)"
"160",8766,"enrichment","Ab_env","PPP1R21",-3.90607471712439,0.000416433549711659,0.0296986409596207,1023,-0.517913271258276,"ENSG00000162869","c(""both-Ab_env_top12""; ""n_both-Ab_env_top10"")"
"161",8767,"enrichment","Ab_env","STXBP5-AS1",-3.90738344745561,0.000414877428929958,0.0296986409596207,3121,-1.62329124202955,"ENSG00000233452","character(0)"
"162",8768,"enrichment","Ab_env","PDK3",-3.90916096246522,0.000412772977670364,0.0296986409596207,8607,-0.58275701457108,"ENSG00000067992","n_both-Ab_env_top20"
"163",8769,"enrichment","Ab_env","COMMD1",-3.9188420253333,0.000401492592405874,0.029478183396147,1047,-1.86017469623512,"ENSG00000173163","character(0)"
"164",8770,"enrichment","Ab_env","NECTIN1",-3.91978666580416,0.000400408119853388,0.029478183396147,5104,-1.39167512582652,"ENSG00000110400","character(0)"
"165",8771,"enrichment","Ab_env","MAP4K5",-3.92527759991552,0.000394160675434695,0.0294262473996793,5871,-1.61975541517644,"ENSG00000012983","character(0)"
"166",8772,"enrichment","Ab_env","TATDN3",-3.92571312360828,0.000393669234327163,0.0294262473996793,782,-1.63318454570396,"ENSG00000203705","character(0)"
"167",8773,"enrichment","Ab_env","SLC35F3",-3.93863592741876,0.000379355990549079,0.0288051164105814,847,-1.51923828918318,"ENSG00000183780","character(0)"
"168",8774,"enrichment","Ab_env","THAP9-AS1",-3.94712158617964,0.000370234623586077,0.0283548654822302,2164,-1.19703742550256,"ENSG00000251022","character(0)"
"169",8775,"enrichment","Ab_env","JAKMIP1",-3.94887978248351,0.000368371635861404,0.0283548654822302,2036,-0.684102825833787,"ENSG00000152969","character(0)"
"170",8776,"enrichment","Ab_env","NPAS2",-3.9540044421621,0.000362993542460658,0.0282880230808815,1175,-1.6666568142005,"ENSG00000170485","character(0)"
"171",8777,"enrichment","Ab_env","ZNF704",-3.95579477514942,0.000361132781594503,0.0282880230808815,3774,-1.70495135381853,"ENSG00000164684","character(0)"
"172",8778,"enrichment","Ab_env","GPI",-3.96087251515551,0.000355905762864666,0.0282309535472294,7734,-0.405345560741575,"ENSG00000105220","n_both-Ab_env_top15"
"173",8779,"enrichment","Ab_env","AL022313.4",-3.97739082604418,0.000339407337072266,0.0271648178608109,8452,-1.6271197328271,"ENSG00000261675","character(0)"
"174",8780,"enrichment","Ab_env","TENM3",-3.98102926279077,0.000335874862293374,0.0271264752419485,2302,-1.82347556743623,"ENSG00000218336","character(0)"
"175",8781,"enrichment","Ab_env","KLF16",-3.98110923333048,0.00033579762511541,0.0271264752419485,7474,-0.746872017341987,"ENSG00000129911","character(0)"
"176",8782,"enrichment","Ab_env","POR",-3.98921618948312,0.000328057060208222,0.0269857307674985,3361,-0.804088018114667,"ENSG00000127948","none-Ab_env_top8"
"177",8783,"enrichment","Ab_env","MON1A",-3.99048305569479,0.000326863291193037,0.0269857307674985,1658,-1.68609914188201,"ENSG00000164077","character(0)"
"178",8784,"enrichment","Ab_env","MRPL37",-3.99050182301587,0.000326845638645062,0.0269857307674985,330,-1.85750878846598,"ENSG00000116221","character(0)"
"179",8785,"enrichment","Ab_env","CDH4",-3.9907481159455,0.000326614061667178,0.0269857307674985,8212,-1.59874891160156,"ENSG00000179242","character(0)"
"180",8786,"enrichment","Ab_env","CCNB1IP1",-3.99338522619892,0.000324144535301317,0.0269857307674985,5774,-1.82526627892515,"ENSG00000100814","character(0)"
"181",8787,"enrichment","Ab_env","GAS8",-3.99474372510505,0.000322879490011703,0.0269857307674985,6785,-1.6317536676314,"ENSG00000141013","both-Ab_env_top10"
"182",8788,"enrichment","Ab_env","DNAJA3",-3.99728145315258,0.000320529235969861,0.0269857307674985,6464,-1.42896561238433,"ENSG00000103423","character(0)"
"183",8789,"enrichment","Ab_env","MCCC1",-3.99826574800445,0.000319622158267213,0.0269857307674985,1936,-1.48959795842031,"ENSG00000078070","character(0)"
"184",8790,"enrichment","Ab_env","UAP1",-4.0007231770247,0.000317368438346561,0.0269857307674985,647,-1.62503705241998,"ENSG00000117143","character(0)"
"185",8791,"enrichment","Ab_env","AMBRA1",-4.00301440777572,0.000315281121908923,0.0269857307674985,4774,-1.49003365011018,"ENSG00000110497","character(0)"
"186",8792,"enrichment","Ab_env","ZNF429",-4.01884215952139,0.000301223753034237,0.0269857307674985,7713,-1.72230961773361,"ENSG00000197013","character(0)"
"187",8793,"enrichment","Ab_env","RPH3A",-4.0215965830941,0.000298840771057788,0.0269857307674985,5521,-0.586758191962856,"ENSG00000089169","both-Ab_env_top13"
"188",8794,"enrichment","Ab_env","EIF2AK4",-4.02321107609674,0.000297452568048384,0.0269857307674985,6134,-1.77719301696611,"ENSG00000128829","character(0)"
"189",8795,"enrichment","Ab_env","TWF2",-4.02677078101843,0.000294414017891094,0.0269857307674985,1682,-0.493294803109206,"ENSG00000247596","n_both-Ab_env_top14"
"190",8796,"enrichment","Ab_env","CCDC127",-4.02768224640924,0.000293640884031349,0.0269857307674985,2317,-1.64063080498063,"ENSG00000164366","character(0)"
"191",8797,"enrichment","Ab_env","CYTOR",-4.03273581285291,0.000289390143268115,0.0269857307674985,1137,-1.57528728588908,"ENSG00000222041","character(0)"
"192",8798,"enrichment","Ab_env","ANKRD52",-4.0343226946102,0.00028806780639074,0.0269857307674985,5355,-1.88160047130617,"ENSG00000139645","character(0)"
"193",8799,"enrichment","Ab_env","APOO",-4.04327739045793,0.000280715861692673,0.0269857307674985,8604,-0.683351420082544,"ENSG00000184831","character(0)"
"194",8800,"enrichment","Ab_env","NTMT1",-4.05090929502911,0.000274594959267319,0.0269857307674985,4189,-1.61782018442458,"ENSG00000148335","character(0)"
"195",8801,"enrichment","Ab_env","SNCA",-4.05663688262952,0.000270087234685823,0.0269601684600995,2184,-0.55238828351009,"ENSG00000145335","character(0)"
"196",8802,"enrichment","Ab_env","TMEM178A",-4.06500661393434,0.000263629929177372,0.0266146396683156,1001,-0.51902175628139,"ENSG00000152154","character(0)"
"197",8803,"enrichment","Ab_env","ACOT7",-4.06743285788122,0.000261786457018189,0.0266146396683156,46,-0.388269961039229,"ENSG00000097021","character(0)"
"198",8804,"enrichment","Ab_env","CASC15",-4.07324622659617,0.000257420567748018,0.0265921433008534,2790,-1.91203731881826,"ENSG00000272168","character(0)"
"199",8805,"enrichment","Ab_env","MED22",-4.07643535874086,0.000255055834295075,0.0265921433008534,4218,-1.61416306817621,"ENSG00000148297","character(0)"
"200",8806,"enrichment","Ab_env","WDFY3-AS2",-4.08881705703359,0.000246074578820612,0.0260253161695514,2169,-1.61154116799627,"ENSG00000180769","character(0)"
"201",8807,"enrichment","Ab_env","SULT4A1",-4.09573197429588,0.000241194166268715,0.0258164936521839,8529,-0.498151345796048,"ENSG00000130540","pTau-Ab_env_top19"
"202",8808,"enrichment","Ab_env","CDK5",-4.09652327323411,0.000240641758943151,0.0258164936521839,3576,-0.690502489417475,"ENSG00000164885","character(0)"
"203",8809,"enrichment","Ab_env","NIPAL2",-4.10142583665662,0.000237246763715663,0.0258164936521839,3811,-1.92487306803006,"ENSG00000104361","character(0)"
"204",8810,"enrichment","Ab_env","JMY",-4.11411502314576,0.000228675772516242,0.0253944445379287,2456,-1.80883653222413,"ENSG00000152409","character(0)"
"205",8811,"enrichment","Ab_env","PSMC4",-4.1199147290562,0.000224859970220497,0.0252867844992265,7801,-0.717654169899601,"ENSG00000013275","character(0)"
"206",8812,"enrichment","Ab_env","LINC02802",-4.12712073386522,0.000220205683745646,0.0250808627486708,493,-1.3638379194962,"ENSG00000232527","n_both-Ab_env_top18"
"207",8813,"enrichment","Ab_env","KLHDC9",-4.12789131705457,0.00021971359040311,0.0250808627486708,629,-1.61933389388644,"ENSG00000162755","character(0)"
"208",8814,"enrichment","Ab_env","AP4B1",-4.14484343046579,0.000209156408077957,0.0244492832811128,479,-1.77386388936732,"ENSG00000134262","character(0)"
"209",8815,"enrichment","Ab_env","CHAMP1",-4.14659937577953,0.000208091693859261,0.0244492832811128,5772,-1.61351267703604,"ENSG00000198824","character(0)"
"210",8816,"enrichment","Ab_env","TCF20",-4.15654677319508,0.000202159599482207,0.0242700794837828,8518,-1.70951870030178,"ENSG00000100207","character(0)"
"211",8817,"enrichment","Ab_env","MED28",-4.15894800929393,0.000200752644307189,0.0242700794837828,2063,-0.787507781424659,"ENSG00000118579","character(0)"
"212",8818,"enrichment","Ab_env","PFKP",-4.18182988635649,0.000187817919010804,0.0231746443401665,4281,-0.489870486416453,"ENSG00000067057","pTau-Ab_env_top18"
"213",8819,"enrichment","Ab_env","ARV1",-4.18593067153088,0.000185587756407742,0.0231746443401665,838,-1.74901453182426,"ENSG00000173409","character(0)"
"214",8820,"enrichment","Ab_env","PITHD1",-4.1911058247219,0.000182810340183537,0.0231746443401665,139,-0.519766355972607,"ENSG00000057757","pTau-Ab_env_top10"
"215",8821,"enrichment","Ab_env","CHCHD3",-4.19128503028067,0.000182714897304789,0.0231746443401665,3528,-1.8636740731674,"ENSG00000106554","character(0)"
"216",8822,"enrichment","Ab_env","ISLR",-4.19682946739549,0.000179786013103222,0.0231746443401665,6282,-0.808457597252523,"ENSG00000129009","c(""n_pTau_top17""; ""none-Ab_env_top1""; ""n_pTau-n_both_top19""; ""n_pTau-Ab_env_top2""; ""n_pTau-pTau_top11""; ""noWM_top6"")"
"217",8823,"enrichment","Ab_env","MCRIP2",-4.19916230198009,0.000178567484786745,0.0231746443401665,6397,-1.91731222936642,"ENSG00000172366","character(0)"
"218",8824,"enrichment","Ab_env","NXPH3",-4.212420470036,0.000171794532082266,0.0231245851972554,7110,-1.60762723990777,"ENSG00000182575","character(0)"
"219",8825,"enrichment","Ab_env","TENT4A",-4.21857808070728,0.000168735232557458,0.0230622124006224,2332,-1.60516828241523,"ENSG00000112941","character(0)"
"220",8826,"enrichment","Ab_env","HDAC3",-4.22662607092924,0.000164817198944389,0.0228786874284679,2606,-1.41821250522433,"ENSG00000171720","character(0)"
"221",8827,"enrichment","Ab_env","AC012146.1",-4.23943559699345,0.000158764479379997,0.0223883116636808,6832,-1.85269621796891,"ENSG00000234327","character(0)"
"222",8828,"enrichment","Ab_env","THOC3",-4.26501128296389,0.000147324999844037,0.0211102467518455,2689,-1.99602706832273,"ENSG00000051596","character(0)"
"223",8829,"enrichment","Ab_env","NT5M",-4.26651683076056,0.000146677425164909,0.0211102467518455,6900,-1.8493777783423,"ENSG00000205309","n_both-Ab_env_top12"
"224",8830,"enrichment","Ab_env","RWDD3",-4.29324879313708,0.000135634034978542,0.0200828794458228,422,-1.89402570111671,"ENSG00000122481","character(0)"
"225",8831,"enrichment","Ab_env","ADCY5",-4.29692901958905,0.000134179116807723,0.0200828794458228,1794,-1.89760269173255,"ENSG00000173175","character(0)"
"226",8832,"enrichment","Ab_env","ARHGAP29",-4.30214890518469,0.00013214178727742,0.0200828794458228,416,-1.78889642814574,"ENSG00000137962","character(0)"
"227",8833,"enrichment","Ab_env","MLIP",-4.30344190719405,0.000131641842802545,0.0200828794458228,2961,-1.79751736660799,"ENSG00000146147","n_pTau-Ab_env_top17"
"228",8834,"enrichment","Ab_env","AMER3",-4.30752638928816,0.000130074740612914,0.0200828794458228,1230,-2.09938414269134,"ENSG00000178171","character(0)"
"229",8835,"enrichment","Ab_env","IFT172",-4.3218711745128,0.000124714960450563,0.0200828794458228,958,-1.70100966161529,"ENSG00000138002","character(0)"
"230",8836,"enrichment","Ab_env","LINC02217",-4.32738366748853,0.000122713541465758,0.0200828794458228,2349,-1.8856881352418,"ENSG00000248455","character(0)"
"231",8837,"enrichment","Ab_env","GGA3",-4.32801464080731,0.000122486478142083,0.0200828794458228,7211,-1.80351730189663,"ENSG00000125447","character(0)"
"232",8838,"enrichment","Ab_env","ZNF134",-4.34692034954459,0.000115871410100794,0.019796184756451,7973,-1.86413798674543,"ENSG00000213762","n_pTau-Ab_env_top12"
"233",8839,"enrichment","Ab_env","MAPK10",-4.35152695362213,0.000114313571617387,0.019796184756451,2170,-0.440972518294429,"ENSG00000109339","pTau-Ab_env_top12"
"234",8840,"enrichment","Ab_env","RAB27B",-4.36137578908024,0.000111051726509141,0.019796184756451,7397,-0.635184381573245,"ENSG00000041353","character(0)"
"235",8841,"enrichment","Ab_env","GIHCG",-4.36223042328561,0.000110773035694414,0.019796184756451,5385,-0.635062866785396,"ENSG00000257698","character(0)"
"236",8842,"enrichment","Ab_env","EXOSC5",-4.36579683510199,0.000109617459700559,0.019796184756451,7817,-1.69939877435924,"ENSG00000077348","character(0)"
"237",8843,"enrichment","Ab_env","OSTC",-4.36673458765418,0.000109315587057735,0.019796184756451,2208,-2.05764747139697,"ENSG00000198856","character(0)"
"238",8844,"enrichment","Ab_env","UBXN2B",-4.3735045762454,0.000107160391461133,0.019796184756451,3733,-1.91816169837222,"ENSG00000215114","character(0)"
"239",8845,"enrichment","Ab_env","DDI2",-4.38110279961269,0.000104791306787356,0.019796184756451,94,-1.86285689677718,"ENSG00000197312","character(0)"
"240",8846,"enrichment","Ab_env","SLC39A13",-4.39579080681936,0.000100356883218054,0.019796184756451,4783,-1.90274513739346,"ENSG00000165915","character(0)"
"241",8847,"enrichment","Ab_env","CNOT6L",-4.41127520680394,9.58820354485294e-05,0.019796184756451,2152,-1.77421820736179,"ENSG00000138767","character(0)"
"242",8848,"enrichment","Ab_env","ABHD6",-4.4115844649335,9.57946941490883e-05,0.019796184756451,1708,-1.82396808619682,"ENSG00000163686","character(0)"
"243",8849,"enrichment","Ab_env","DGAT1",-4.43948735167384,8.82284813804514e-05,0.019796184756451,3906,-1.44896103880539,"ENSG00000185000","character(0)"
"244",8850,"enrichment","Ab_env","DAP3",-4.44982227310575,8.55781165748426e-05,0.019796184756451,587,-1.90253177533931,"ENSG00000132676","character(0)"
"245",8851,"enrichment","Ab_env","AK2",-4.46929938260262,8.07947801621367e-05,0.0193994818097411,216,-1.86908768172282,"ENSG00000004455","character(0)"
"246",8852,"enrichment","Ab_env","TASP1",-4.47243984971769,8.0048596346397e-05,0.0193994818097411,8041,-1.72555657796822,"ENSG00000089123","c(""none-Ab_env_top5""; ""both-Ab_env_top8"")"
"247",8853,"enrichment","Ab_env","SHANK3",-4.50525736656276,7.26463276681066e-05,0.0184397135715274,8563,-1.79519539406747,"ENSG00000251322","character(0)"
"248",8854,"enrichment","Ab_env","UFC1",-4.50738031494942,7.21914395908732e-05,0.0184397135715274,633,-0.519459511061524,"ENSG00000143222","both-Ab_env_top9"
"249",8855,"enrichment","Ab_env","DAXX",-4.51254229037982,7.10970622476366e-05,0.0184397135715274,2870,-1.68169728870593,"ENSG00000204209","n_pTau-Ab_env_top16"
"250",8856,"enrichment","Ab_env","CASKIN2",-4.58281192460144,5.77311372459901e-05,0.0165446265578508,7215,-1.84943301689144,"ENSG00000177303","character(0)"
"251",8857,"enrichment","Ab_env","MRPL9",-4.58532841797447,5.73016040254259e-05,0.0165446265578508,542,-2.00587983318201,"ENSG00000143436","character(0)"
"252",8858,"enrichment","Ab_env","NEUROD2",-4.61026702894151,5.32119502330816e-05,0.0163012057196792,7006,-0.518065517244919,"ENSG00000171532","character(0)"
"253",8859,"enrichment","Ab_env","GPALPP1",-4.61468436847269,5.25182401537923e-05,0.0163012057196792,5677,-1.95127843299031,"ENSG00000133114","character(0)"
"254",8860,"enrichment","Ab_env","LCMT1",-4.62414351598212,5.10626696674842e-05,0.0163012057196792,6541,-0.708687194023474,"ENSG00000205629","pTau-Ab_env_top17"
"255",8861,"enrichment","Ab_env","NEPRO",-4.64588420064288,4.78666381991252e-05,0.0163012057196792,1772,-1.82095124865405,"ENSG00000163608","character(0)"
"256",8862,"enrichment","Ab_env","ZCCHC7",-4.66620944518849,4.50579323150847e-05,0.0160117868274885,3999,-1.65855965249047,"ENSG00000147905","c(""n_pTau-Ab_env_top14""; ""both-Ab_env_top14"")"
"257",8863,"enrichment","Ab_env","VEZF1",-4.67365528405431,4.40703291064379e-05,0.0160117868274885,7140,-1.92014427321842,"ENSG00000136451","none-Ab_env_top9"
"258",8864,"enrichment","Ab_env","TGFBR2",-4.71380524221936,3.91026675212267e-05,0.0151038303590686,1562,-2.08227535903905,"ENSG00000163513","c(""both-Ab_env_top15""; ""n_both-Ab_env_top5"")"
"259",8865,"enrichment","Ab_env","SOX5",-4.72155128799064,3.82101065475875e-05,0.0151038303590686,5232,-1.92325191317899,"ENSG00000134532","none-Ab_env_top15"
"260",8866,"enrichment","Ab_env","CEP70",-4.74299843514518,3.58426620330583e-05,0.0151038303590686,1851,-1.86370875926478,"ENSG00000114107","none-Ab_env_top12"
"261",8867,"enrichment","Ab_env","FKBP1B",-4.74390829531777,3.5745504413442e-05,0.0151038303590686,923,-0.685150563154235,"ENSG00000119782","c(""n_pTau-Ab_env_top6""; ""both-Ab_env_top4""; ""n_both-Ab_env_top3""; ""noWM_top14"")"
"262",8868,"enrichment","Ab_env","TMUB1",-4.75631930072367,3.44459710336711e-05,0.0151038303590686,3578,-2.08329274410971,"ENSG00000164897","character(0)"
"263",8869,"enrichment","Ab_env","PCED1A",-4.78901322149761,3.12423870444869e-05,0.0151038303590686,8003,-1.80756433934138,"ENSG00000132635","character(0)"
"264",8870,"enrichment","Ab_env","LSG1",-4.80685497011694,2.96205168583589e-05,0.0151038303590686,1977,-2.16063680407959,"ENSG00000041802","c(""none-Ab_env_top14""; ""n_pTau-Ab_env_top11""; ""n_both-Ab_env_top13"")"
"265",8871,"enrichment","Ab_env","ACD",-4.81391950369503,2.90016415352528e-05,0.0151038303590686,6679,-1.79990969991292,"ENSG00000102977","none-Ab_env_top20"
"266",8872,"enrichment","Ab_env","HIVEP3",-4.8827254180312,2.36060388899724e-05,0.0151038303590686,266,-1.90524962288729,"ENSG00000127124","character(0)"
"267",8873,"enrichment","Ab_env","IFIT5",-4.92563561733991,2.07584732379013e-05,0.0151038303590686,4471,-2.17748968850595,"ENSG00000152778","n_pTau-Ab_env_top20"
"268",8874,"enrichment","Ab_env","MAU2",-4.97534589231067,1.7883617325904e-05,0.0144434596657574,7707,-2.03217273523661,"ENSG00000129933","c(""none-Ab_env_top7""; ""pTau-Ab_env_top15""; ""n_pTau-Ab_env_top5"")"
"269",8875,"enrichment","Ab_env","RRP1B",-5.04107777691211,1.46808865253853e-05,0.0130424995891523,8304,-1.97463043993121,"ENSG00000160208","n_both-Ab_env_top16"
"270",8876,"enrichment","Ab_env","HPS5",-5.05266758207232,1.4178510502835e-05,0.0130424995891523,4715,-1.96289657393135,"ENSG00000110756","none-Ab_env_top11"
"271",8877,"enrichment","Ab_env","FOXP4",-5.10016944471717,1.2292008045366e-05,0.0130424995891523,2909,-2.19727037584955,"ENSG00000137166","c(""none-Ab_env_top17""; ""n_pTau-Ab_env_top10""; ""n_both-Ab_env_top7"")"
"272",8878,"enrichment","Ab_env","ADNP2",-5.11179557146098,1.18696894605811e-05,0.0130424995891523,7438,-2.31081132875122,"ENSG00000101544","c(""none-Ab_env_top6""; ""pTau-Ab_env_top9""; ""n_pTau-Ab_env_top7"")"
"273",8879,"enrichment","Ab_env","SNX17",-5.18453752889919,9.53638093359567e-06,0.0130424995891523,954,-0.691733118694595,"ENSG00000115234","c(""none-Ab_env_top13""; ""n_pTau-Ab_env_top19""; ""n_both-Ab_env_top4"")"
"274",8880,"enrichment","Ab_env","C15orf40",-5.2458677632996,7.92818757234079e-06,0.0130424995891523,6334,-1.93649035466509,"ENSG00000169609","c(""pTau-Ab_env_top8""; ""n_pTau-Ab_env_top8"")"
"275",8881,"enrichment","Ab_env","NUP153",-5.67315906567953,2.18530287110267e-06,0.00485355767671903,2783,-2.34480890015946,"ENSG00000124789","c(""none-Ab_env_top4""; ""pTau-Ab_env_top11""; ""n_pTau-Ab_env_top9""; ""n_both-Ab_env_top6"")"
"276",8882,"enrichment","Ab_env","MAGI2",-5.70458097936528,1.98768752210345e-06,0.00485355767671903,3372,-0.698990171410463,"ENSG00000187391","c(""pTau-Ab_env_top16""; ""n_pTau-Ab_env_top4""; ""both-Ab_env_top6""; ""n_both-Ab_env_top9""; ""noWM_top18"")"
"277",8883,"enrichment","Ab_env","ARL10",-6.83505167766671,6.73307554329815e-08,0.000299083215633304,2691,-2.61513869181874,"ENSG00000175414","c(""none-Ab_env_top3""; ""pTau-Ab_env_top2""; ""n_pTau-Ab_env_top3""; ""both-Ab_env_top5""; ""n_both-Ab_env_top2""; ""noWM_top4"")"
"278",8884,"enrichment","Ab_env","TMEM163",-7.46851382815242,1.05152360680471e-08,9.34173572285307e-05,1236,-2.6412416395767,"ENSG00000152128","c(""none-Ab_env_top2""; ""pTau-Ab_env_top1""; ""n_pTau-Ab_env_top1""; ""both-Ab_env_top1""; ""n_both-Ab_env_top1""; ""noWM_top1"")"
"279",8876,"enrichment","both","ANKRA2",-4.67012734732551,4.4728835807315e-05,0.0441523308124651,2440,-2.25691257836969,"ENSG00000164331","c(""pTau-both_top8""; ""n_pTau-both_top16""; ""n_both-both_top8"")"
"280",8877,"enrichment","both","AREL1",-4.69876868371477,4.10751024151603e-05,0.0441523308124651,5975,-0.92207189622653,"ENSG00000119682","c(""pTau-both_top3""; ""n_pTau-both_top7""; ""n_both-both_top4"")"
"281",8878,"enrichment","both","FBXO33",-4.73772555696484,3.6575287337207e-05,0.0441523308124651,5855,-1.00535639599679,"ENSG00000165355","c(""pTau-both_top5""; ""n_pTau-both_top12""; ""n_both-both_top2"")"
"282",8879,"enrichment","both","LRRC41",-4.83131052349542,2.76633711610235e-05,0.0409602315657555,301,-0.759364671673259,"ENSG00000132128","c(""none-both_top15""; ""Ab_env-both_top16""; ""pTau-both_top19""; ""n_both-both_top5"")"
"283",8880,"enrichment","both","AC021613.1",-5.00675580944035,1.63601884738145e-05,0.0290687828802736,3639,-1.48946190968628,"ENSG00000254092","c(""Ab_env-both_top15""; ""pTau-both_top4""; ""n_pTau-both_top4""; ""n_both-both_top17"")"
"284",8881,"enrichment","both","INTS6",-5.11556728531032,1.18010392462638e-05,0.0262101081659519,5700,-0.935009599475275,"ENSG00000102786","c(""none-both_top8""; ""Ab_env-both_top7""; ""pTau-both_top11""; ""n_pTau-both_top19""; ""n_both-both_top6"")"
"285",8882,"enrichment","both","DIRAS3",-5.18653277343136,9.53392482641685e-06,0.0262101081659519,357,-2.21140788552891,"ENSG00000162595","c(""none-both_top1""; ""Ab_env-both_top1""; ""n_pTau-both_top2""; ""n_both-both_top11""; ""noWM_top7"")"
"286",8883,"enrichment","both","ANKRD33B",-5.50937592805929,3.60604711913209e-06,0.0160180613031847,2340,-1.271883947179,"ENSG00000164236","c(""none-both_top10""; ""Ab_env-both_top2""; ""pTau-both_top2""; ""n_pTau-both_top3""; ""n_both-both_top13"")"
"287",8884,"enrichment","both","FTSJ1",-6.60065297131971,1.36446272010367e-07,0.0012121886805401,8637,-1.04642720846419,"ENSG00000068438","c(""none-both_top3""; ""Ab_env-both_top3""; ""pTau-both_top1""; ""n_pTau-both_top1""; ""n_both-both_top3""; ""noWM_top5"")"
"288",1,"pairwise","none-Ab_env","ISLR",5.56097679925935,4.56874103429986e-06,0.04058869534872,6282,1.14980606797581,"ENSG00000129009","c(""n_pTau_top17""; ""none-Ab_env_top1""; ""n_pTau-n_both_top19""; ""n_pTau-Ab_env_top2""; ""n_pTau-pTau_top11""; ""noWM_top6"")"
"289",1,"pairwise","none-pTau","IGFBP5",5.76812002104753,2.54030911669065e-06,0.0225681061926797,1399,1.29365228105973,"ENSG00000115461","c(""none-pTau_top1""; ""none-n_both_top11""; ""Ab_env-pTau_top1""; ""n_pTau-pTau_top1""; ""noWM_top2"")"
"290",1,"pairwise","Ab_env-both","DIRAS3",5.69568551399417,3.11845671719963e-06,0.0138521847378007,357,2.77759444208678,"ENSG00000162595","c(""none-both_top1""; ""Ab_env-both_top1""; ""n_pTau-both_top2""; ""n_both-both_top11""; ""noWM_top7"")"
"291",2,"pairwise","Ab_env-both","ANKRD33B",5.02424757705696,2.09998800374386e-05,0.0403195234767095,2340,1.45510584832189,"ENSG00000164236","c(""none-both_top10""; ""Ab_env-both_top2""; ""pTau-both_top2""; ""n_pTau-both_top3""; ""n_both-both_top13"")"
"292",3,"pairwise","Ab_env-both","FTSJ1",4.85684120299332,3.37833522453377e-05,0.0403195234767095,8637,0.979944046667811,"ENSG00000068438","c(""none-both_top3""; ""Ab_env-both_top3""; ""pTau-both_top1""; ""n_pTau-both_top1""; ""n_both-both_top3""; ""noWM_top5"")"
"293",4,"pairwise","Ab_env-both","EZR",4.81514606014892,3.80254920656769e-05,0.0403195234767095,3152,1.26750021471611,"ENSG00000092820","Ab_env-both_top4"
"294",5,"pairwise","Ab_env-both","SAMD12",4.81377511238918,3.81736327141832e-05,0.0403195234767095,3847,1.00010722734725,"ENSG00000177570","c(""n_both_top13""; ""Ab_env-both_top5""; ""pTau-both_top17""; ""n_both-pTau_top8""; ""n_both-n_pTau_top4""; ""n_both-both_top1""; ""noWM_top13"")"
"295",6,"pairwise","Ab_env-both","GRAMD2B",4.80829080212094,3.87720175644898e-05,0.0403195234767095,2532,0.978588852863539,"ENSG00000155324","c(""none-both_top19""; ""Ab_env-both_top6"")"
"296",7,"pairwise","Ab_env-both","INTS6",4.6883618073296,5.44613104142857e-05,0.0403195234767095,5700,1.06728083158248,"ENSG00000102786","c(""none-both_top8""; ""Ab_env-both_top7""; ""pTau-both_top11""; ""n_pTau-both_top19""; ""n_both-both_top6"")"
"297",8879,"pairwise","Ab_env-both","MAGI2",-4.60903052517464,6.81591192587706e-05,0.0465788934996091,3372,-0.803892456829123,"ENSG00000187391","c(""pTau-Ab_env_top16""; ""n_pTau-Ab_env_top4""; ""both-Ab_env_top6""; ""n_both-Ab_env_top9""; ""noWM_top18"")"
"298",8880,"pairwise","Ab_env-both","ARL10",-4.69203399081842,5.38981788747457e-05,0.0403195234767095,2691,-2.6243940281111,"ENSG00000175414","c(""none-Ab_env_top3""; ""pTau-Ab_env_top2""; ""n_pTau-Ab_env_top3""; ""both-Ab_env_top5""; ""n_both-Ab_env_top2""; ""noWM_top4"")"
"299",8881,"pairwise","Ab_env-both","FKBP1B",-4.71191114728019,5.09489141709251e-05,0.0403195234767095,923,-0.874983364879553,"ENSG00000119782","c(""n_pTau-Ab_env_top6""; ""both-Ab_env_top4""; ""n_both-Ab_env_top3""; ""noWM_top14"")"
"300",8882,"pairwise","Ab_env-both","LMBR1",-4.78684080837349,4.12033796510615e-05,0.0403195234767095,3596,-1.16380752904307,"ENSG00000105983","c(""both_top4""; ""both-none_top8""; ""both-Ab_env_top3""; ""both-n_pTau_top4"")"
"301",8883,"pairwise","Ab_env-both","MRPL15",-5.26160726822098,1.06942255112052e-05,0.0316691664805156,3725,-0.983946395448807,"ENSG00000137547","c(""both_top11""; ""n_pTau-none_top16""; ""both-none_top5""; ""both-Ab_env_top2""; ""n_both-Ab_env_top19""; ""noWM_top12"")"
"302",8884,"pairwise","Ab_env-both","TMEM163",-6.35555137836096,4.86969765504286e-07,0.00432623939674008,1236,-3.15043976284217,"ENSG00000152128","c(""none-Ab_env_top2""; ""pTau-Ab_env_top1""; ""n_pTau-Ab_env_top1""; ""both-Ab_env_top1""; ""n_both-Ab_env_top1""; ""noWM_top1"")"
"303",8884,"pairwise","Ab_env-none","ISLR",-5.56097679925935,4.56874103429986e-06,0.04058869534872,6282,1.14980606797581,"ENSG00000129009","c(""n_pTau_top17""; ""none-Ab_env_top1""; ""n_pTau-n_both_top19""; ""n_pTau-Ab_env_top2""; ""n_pTau-pTau_top11""; ""noWM_top6"")"
"304",8884,"pairwise","pTau-none","IGFBP5",-5.76812002104753,2.54030911669065e-06,0.0225681061926797,1399,1.29365228105973,"ENSG00000115461","c(""none-pTau_top1""; ""none-n_both_top11""; ""Ab_env-pTau_top1""; ""n_pTau-pTau_top1""; ""noWM_top2"")"
"305",1,"pairwise","both-Ab_env","TMEM163",6.35555137836096,4.86969765504286e-07,0.00432623939674008,1236,-3.15043976284217,"ENSG00000152128","c(""none-Ab_env_top2""; ""pTau-Ab_env_top1""; ""n_pTau-Ab_env_top1""; ""both-Ab_env_top1""; ""n_both-Ab_env_top1""; ""noWM_top1"")"
"306",2,"pairwise","both-Ab_env","MRPL15",5.26160726822098,1.06942255112052e-05,0.0316691664805156,3725,-0.983946395448807,"ENSG00000137547","c(""both_top11""; ""n_pTau-none_top16""; ""both-none_top5""; ""both-Ab_env_top2""; ""n_both-Ab_env_top19""; ""noWM_top12"")"
"307",3,"pairwise","both-Ab_env","LMBR1",4.78684080837349,4.12033796510615e-05,0.0403195234767095,3596,-1.16380752904307,"ENSG00000105983","c(""both_top4""; ""both-none_top8""; ""both-Ab_env_top3""; ""both-n_pTau_top4"")"
"308",4,"pairwise","both-Ab_env","FKBP1B",4.71191114728019,5.09489141709251e-05,0.0403195234767095,923,-0.874983364879553,"ENSG00000119782","c(""n_pTau-Ab_env_top6""; ""both-Ab_env_top4""; ""n_both-Ab_env_top3""; ""noWM_top14"")"
"309",5,"pairwise","both-Ab_env","ARL10",4.69203399081842,5.38981788747457e-05,0.0403195234767095,2691,-2.6243940281111,"ENSG00000175414","c(""none-Ab_env_top3""; ""pTau-Ab_env_top2""; ""n_pTau-Ab_env_top3""; ""both-Ab_env_top5""; ""n_both-Ab_env_top2""; ""noWM_top4"")"
"310",6,"pairwise","both-Ab_env","MAGI2",4.60903052517464,6.81591192587706e-05,0.0465788934996091,3372,-0.803892456829123,"ENSG00000187391","c(""pTau-Ab_env_top16""; ""n_pTau-Ab_env_top4""; ""both-Ab_env_top6""; ""n_both-Ab_env_top9""; ""noWM_top18"")"
"311",8878,"pairwise","both-Ab_env","INTS6",-4.6883618073296,5.44613104142857e-05,0.0403195234767095,5700,1.06728083158248,"ENSG00000102786","c(""none-both_top8""; ""Ab_env-both_top7""; ""pTau-both_top11""; ""n_pTau-both_top19""; ""n_both-both_top6"")"
"312",8879,"pairwise","both-Ab_env","GRAMD2B",-4.80829080212094,3.87720175644898e-05,0.0403195234767095,2532,0.978588852863539,"ENSG00000155324","c(""none-both_top19""; ""Ab_env-both_top6"")"
"313",8880,"pairwise","both-Ab_env","SAMD12",-4.81377511238918,3.81736327141832e-05,0.0403195234767095,3847,1.00010722734725,"ENSG00000177570","c(""n_both_top13""; ""Ab_env-both_top5""; ""pTau-both_top17""; ""n_both-pTau_top8""; ""n_both-n_pTau_top4""; ""n_both-both_top1""; ""noWM_top13"")"
"314",8881,"pairwise","both-Ab_env","EZR",-4.81514606014892,3.80254920656769e-05,0.0403195234767095,3152,1.26750021471611,"ENSG00000092820","Ab_env-both_top4"
"315",8882,"pairwise","both-Ab_env","FTSJ1",-4.85684120299332,3.37833522453377e-05,0.0403195234767095,8637,0.979944046667811,"ENSG00000068438","c(""none-both_top3""; ""Ab_env-both_top3""; ""pTau-both_top1""; ""n_pTau-both_top1""; ""n_both-both_top3""; ""noWM_top5"")"
"316",8883,"pairwise","both-Ab_env","ANKRD33B",-5.02424757705696,2.09998800374386e-05,0.0403195234767095,2340,1.45510584832189,"ENSG00000164236","c(""none-both_top10""; ""Ab_env-both_top2""; ""pTau-both_top2""; ""n_pTau-both_top3""; ""n_both-both_top13"")"
"317",8884,"pairwise","both-Ab_env","DIRAS3",-5.69568551399417,3.11845671719963e-06,0.0138521847378007,357,2.77759444208678,"ENSG00000162595","c(""none-both_top1""; ""Ab_env-both_top1""; ""n_pTau-both_top2""; ""n_both-both_top11""; ""noWM_top7"")"
"318",1,"anova","noWM","TMEM163",11.4246383280461,2.89297611796882e-06,0.025701199832035,1236,NA,"ENSG00000152128","c(""none-Ab_env_top2""; ""pTau-Ab_env_top1""; ""n_pTau-Ab_env_top1""; ""both-Ab_env_top1""; ""n_both-Ab_env_top1""; ""noWM_top1"")"
